issue_id,risk_level,trial_blocker,issue_type,cost_item_id,related_item_ids,status,source,item_name,spec,unit,price,quote_usage_count,latest_quote_used_at,evidence,suggested_action,owner,done,notes
BIZ2T-0001,high,yes,missing_named_reference_price,203,,active,ai_suggested,临时静音保护棉铺设,夜间施工降噪保护，含铺设与回收；无底价项目，可测试人工改价后下发生成draft。,㎡,110.0,13,2026-05-27T17:29:23,"{""client_tax_excluded_price"": null, ""crew_benchmark_price"": null, ""latest_quote_used_at"": ""2026-05-27T17:29:23"", ""quote_usage_count"": 13, ""subcontract_composite_price"": null}",请补齐至少一个业务可解释的来源价，便于后续演示报价依据。,cost_department,,
BIZ2T-0002,high,yes,missing_named_reference_price,204,,active,ai_suggested,定制异形铝合金收口条安装,弧形转角，颜色按现场定制，含辅材；无底价项目，需人工确认价格依据,㎡,50.0,10,2026-05-27T17:29:23,"{""client_tax_excluded_price"": null, ""crew_benchmark_price"": null, ""latest_quote_used_at"": ""2026-05-27T17:29:23"", ""quote_usage_count"": 10, ""subcontract_composite_price"": null}",请补齐至少一个业务可解释的来源价，便于后续演示报价依据。,cost_department,,
BIZ2T-0003,high,yes,missing_named_reference_price,206,,active,manual,高空局部防尘围挡加固,4m以上作业面，含膨胀螺栓、收边和二次固定；未在底层成本库中匹配到该项目，建议人工补充单价,处,100.0,2,2026-05-27T17:29:23,"{""client_tax_excluded_price"": null, ""crew_benchmark_price"": null, ""latest_quote_used_at"": ""2026-05-27T17:29:23"", ""quote_usage_count"": 2, ""subcontract_composite_price"": null}",请补齐至少一个业务可解释的来源价，便于后续演示报价依据。,cost_department,,
BIZ2T-0004,high,yes,missing_named_reference_price,207,,active,manual,高空局部防尘围挡加固,4m以上作业面，含膨胀螺栓、收边和二次固定；4m以上作业面，含膨胀螺栓、收边和二次固定；无底价新项，需人工定价,处,100.0,1,2026-05-27T17:27:49,"{""client_tax_excluded_price"": null, ""crew_benchmark_price"": null, ""latest_quote_used_at"": ""2026-05-27T17:27:49"", ""quote_usage_count"": 1, ""subcontract_composite_price"": null}",请补齐至少一个业务可解释的来源价，便于后续演示报价依据。,cost_department,,
BIZ2T-0005,high,yes,missing_named_reference_price,208,,active,ai_suggested,甲方指定品牌成品检修口更换,300x300，品牌待甲方确认，含拆旧与安装；未在现有成本库中找到匹配项，需人工估价；300x300，品牌待甲方确认，含拆旧与安装,处,100.0,2,2026-05-27T17:29:23,"{""client_tax_excluded_price"": null, ""crew_benchmark_price"": null, ""latest_quote_used_at"": ""2026-05-27T17:29:23"", ""quote_usage_count"": 2, ""subcontract_composite_price"": null}",请补齐至少一个业务可解释的来源价，便于后续演示报价依据。,cost_department,,
BIZ2T-0007,medium,no,same_name_multi_spec,46,"46,47",active,imported,夹板窗帘盒,,,,2,2026-05-25T08:52:46,"{""item_count"": 2, ""latest_quote_used_at"": ""2026-05-25T08:52:46"", ""quote_usage_count"": 2, ""spec_count"": 2}",演示时可用于展示同名不同规格切换；治理时请确认每条规格足够可辨认。,cost_department,,
BIZ2T-0017,medium,no,missing_spec_on_multi_name,128,"128,129,130",active,imported,304#不锈钢上下夹（短夹）,,个,75.1812,0,,{},请补充规格/特征，至少说明适用范围或工艺差异。,cost_department,,
BIZ2T-0019,medium,no,missing_spec_on_multi_name,131,"131,132",active,imported,304#不锈钢上下夹（长夹）-同门扇宽（800-900长）,,个,136.364,0,,{},请补充规格/特征，至少说明适用范围或工艺差异。,cost_department,,
BIZ2T-0022,medium,no,same_name_multi_spec,206,"206,207",active,manual,高空局部防尘围挡加固,,,,2,2026-05-27T17:29:23,"{""item_count"": 2, ""latest_quote_used_at"": ""2026-05-27T17:29:23"", ""quote_usage_count"": 2, ""spec_count"": 2}",演示时可用于展示同名不同规格切换；治理时请确认每条规格足够可辨认。,cost_department,,
BIZ2T-0026,medium,no,missing_spec,135,,active,imported,玻璃门进口锁夹及安装,,只,113.225,1,2026-05-22T14:09:11,"{""latest_quote_used_at"": ""2026-05-22T14:09:11"", ""quote_usage_count"": 1}",如该条目确实不区分规格可保留；否则建议补齐，便于报价依据解释。,cost_department,,
BIZ2T-0030,medium,no,missing_spec,165,,active,imported,满堂超高脚手架(≥4.2米),,m3,18.0,2,2026-05-27T09:11:10,"{""latest_quote_used_at"": ""2026-05-27T09:11:10"", ""quote_usage_count"": 2}",如该条目确实不区分规格可保留；否则建议补齐，便于报价依据解释。,cost_department,,
BIZ2T-0031,medium,no,missing_spec,166,,active,imported,单排钢脚手架（外墙装饰用）,,㎡,10.0,2,2026-05-27T09:11:09,"{""latest_quote_used_at"": ""2026-05-27T09:11:09"", ""quote_usage_count"": 2}",如该条目确实不区分规格可保留；否则建议补齐，便于报价依据解释。,cost_department,,
BIZ2T-0035,medium,no,missing_spec,172,,active,imported,拆除复合木地板,,㎡,7.0,39,2026-05-27T17:29:23,"{""latest_quote_used_at"": ""2026-05-27T17:29:23"", ""quote_usage_count"": 39}",如该条目确实不区分规格可保留；否则建议补齐，便于报价依据解释。,cost_department,,
BIZ2T-0036,medium,no,missing_spec,173,,active,imported,拆除木脚线,,m,1.0,20,2026-05-25T16:05:10,"{""latest_quote_used_at"": ""2026-05-25T16:05:10"", ""quote_usage_count"": 20}",如该条目确实不区分规格可保留；否则建议补齐，便于报价依据解释。,cost_department,,
BIZ2T-0037,medium,no,missing_spec,174,,active,imported,砖墙、砼墙面抹灰面铲除,,㎡,7.0,4,2026-05-27T09:11:09,"{""latest_quote_used_at"": ""2026-05-27T09:11:09"", ""quote_usage_count"": 4}",如该条目确实不区分规格可保留；否则建议补齐，便于报价依据解释。,cost_department,,
BIZ2T-0039,medium,no,missing_spec,176,,active,imported,拆砖墙（120厚砖墙）,,㎡,16.0,4,2026-05-22T14:09:11,"{""latest_quote_used_at"": ""2026-05-22T14:09:11"", ""quote_usage_count"": 4}",如该条目确实不区分规格可保留；否则建议补齐，便于报价依据解释。,cost_department,,
BIZ2T-0042,medium,no,missing_spec,179,,active,imported,拆除石膏线（不分规格）,,m,1.0,3,2026-05-22T14:09:11,"{""latest_quote_used_at"": ""2026-05-22T14:09:11"", ""quote_usage_count"": 3}",如该条目确实不区分规格可保留；否则建议补齐，便于报价依据解释。,cost_department,,
BIZ2T-0043,medium,no,missing_spec,180,,active,imported,窗帘盒/灯槽拆除,,m,6.0,35,2026-05-27T17:29:23,"{""latest_quote_used_at"": ""2026-05-27T17:29:23"", ""quote_usage_count"": 35}",如该条目确实不区分规格可保留；否则建议补齐，便于报价依据解释。,cost_department,,
BIZ2T-0044,medium,no,missing_spec,181,,active,imported,拆除轻钢龙骨石膏板、埃特板吊顶或轻钢龙骨铝扣板、铝塑板吊顶或轻钢龙骨木饰面吊顶,,㎡,10.0,1,2026-05-22T14:09:11,"{""latest_quote_used_at"": ""2026-05-22T14:09:11"", ""quote_usage_count"": 1}",如该条目确实不区分规格可保留；否则建议补齐，便于报价依据解释。,cost_department,,
BIZ2T-0048,medium,no,missing_spec,185,,active,imported,"拆除原有水箱座厕,清理,搬运",,套,30.0,1,2026-05-22T14:09:11,"{""latest_quote_used_at"": ""2026-05-22T14:09:11"", ""quote_usage_count"": 1}",如该条目确实不区分规格可保留；否则建议补齐，便于报价依据解释。,cost_department,,
BIZ2T-0051,medium,no,missing_spec,188,,active,imported,"拆除原有洗手盆,清理,搬运",,套,11.0,1,2026-05-22T14:09:11,"{""latest_quote_used_at"": ""2026-05-22T14:09:11"", ""quote_usage_count"": 1}",如该条目确实不区分规格可保留；否则建议补齐，便于报价依据解释。,cost_department,,
BIZ2T-0053,medium,no,missing_spec,190,,active,imported,"拆除原有冷热水龙头,清理",,套,3.0,5,2026-05-27T09:11:10,"{""latest_quote_used_at"": ""2026-05-27T09:11:10"", ""quote_usage_count"": 5}",如该条目确实不区分规格可保留；否则建议补齐，便于报价依据解释。,cost_department,,
BIZ2T-0060,medium,no,unit_needs_review,206,,active,manual,高空局部防尘围挡加固,4m以上作业面，含膨胀螺栓、收边和二次固定；未在底层成本库中匹配到该项目，建议人工补充单价,处,100.0,2,2026-05-27T17:29:23,"{""latest_quote_used_at"": ""2026-05-27T17:29:23"", ""quote_usage_count"": 2, ""unit_key"": ""处""}",如属于 m/㎡/m³/kg/项/套/个等常见口径，请统一写法；特殊单位可保留。,cost_department,,
BIZ2T-0061,medium,no,unit_needs_review,207,,active,manual,高空局部防尘围挡加固,4m以上作业面，含膨胀螺栓、收边和二次固定；4m以上作业面，含膨胀螺栓、收边和二次固定；无底价新项，需人工定价,处,100.0,1,2026-05-27T17:27:49,"{""latest_quote_used_at"": ""2026-05-27T17:27:49"", ""quote_usage_count"": 1, ""unit_key"": ""处""}",如属于 m/㎡/m³/kg/项/套/个等常见口径，请统一写法；特殊单位可保留。,cost_department,,
BIZ2T-0062,medium,no,unit_needs_review,208,,active,ai_suggested,甲方指定品牌成品检修口更换,300x300，品牌待甲方确认，含拆旧与安装；未在现有成本库中找到匹配项，需人工估价；300x300，品牌待甲方确认，含拆旧与安装,处,100.0,2,2026-05-27T17:29:23,"{""latest_quote_used_at"": ""2026-05-27T17:29:23"", ""quote_usage_count"": 2, ""unit_key"": ""处""}",如属于 m/㎡/m³/kg/项/套/个等常见口径，请统一写法；特殊单位可保留。,cost_department,,
BIZ2T-0069,medium,no,similar_active_items,35,"35,36",active,imported,轻钢龙骨石膏板平面天花          (不含乳胶漆)间距300*600,"1、卡式主骨/U型50系列轻钢龙骨、50付骨
2、龙牌/可耐福/拉法基牌纸面12厘石膏板1220*2440",㎡,95.2692,2,2026-05-25T08:52:46,"{""latest_quote_used_at"": ""2026-05-25T08:52:46"", ""left"": {""category"": ""第三章、天棚工程"", ""client_auxiliary_material_price"": 1.8, ""client_labor_price"": 48.0, ""client_main_material_price"": 41.8399, ""client_tax_excluded_price"": 101.0, ""crew_benchmark_price"": 105.0, ""id"": 35, ""item_name"": ""轻钢龙骨石膏板平面天花          (不含乳胶漆)间距300*600"", ""notes"": ""编号: 3-1\n计算规则: 按实做面层面积计算\n工作内容: 1、吊件加工、安装、定位、弹线、选料、下料、定位杆控制高度、平整、安装龙骨及吊配附件、孔洞预留等；2、临时加固、调整、校正；3、灯箱风口封边、龙骨设置；4、预留位置、整体调整，安装天棚面层石膏板\n对甲备注: 1、防水石膏板主材费用增加10元：\n2、如为双层普通石膏板（主材费+人工费）增加20 元/m2"", ""price"": 95.2692, ""source"": ""imported"", ""spec"": ""1、卡式主骨/U型50系列轻钢龙骨、50付骨\n2、龙牌/可耐福/拉法基牌纸面12厘石膏板1220*2440"", ""status"": ""active"", ""subcategory"": """", ""subcontract_auxiliary_material_price"": 1.87129, ""subcontract_composite_price"": 95.2692, ""subcontract_labor_price"": 49.901, ""subcontract_main_material_price"": 43.4969, ""unit"": ""㎡""}, ""quote_usage_count"": 2, ""right"": {""category"": ""第三章、天棚工程"", ""client_auxiliary_material_price"": 1.8, ""client_labor_price"": 48.0, ""client_main_material_price"": 51.8399, ""client_tax_excluded_price"": 112.0, ""crew_benchmark_price"": 110.0, ""id"": 36, ""item_name"": ""轻钢龙骨防水石膏板平面天花 (不含乳胶漆)间距300*600"", ""notes"": ""编号: 3-1a\n计算规则: 按实做面层面积计算\n工作内容: 1、吊件加工、安装、定位、弹线、选料、下料、定位杆控制高度、平整、安装龙骨及吊配附件、孔洞预留等；2、临时加固、调整、校正；3、灯箱风口封边、龙骨设置；4、预留位置、整体调整，安装天棚面层石膏板"", ""price"": 99.8249, ""source"": ""imported"", ""spec"": ""1、卡式主骨/U型50系列轻钢龙骨、50付骨\n2、龙牌/可耐福/拉法基牌纸面12厘防水石膏板1220*2440"", ""status"": ""active"", ""subcategory"": """", ""subcontract_auxiliary_material_price"": 1.76786, ""subcontract_composite_price"": 99.8249, ""subcontract_labor_price"": 47.1429, ""subcontract_main_material_price"": 50.9142, ""unit"": ""㎡""}, ""similarity"": 0.965}",请人工确认是否为合理拆分，或后续需要合并/补充规格说明。,cost_department,,
BIZ2T-0070,medium,no,similar_active_items,35,"35,37",active,imported,轻钢龙骨石膏板平面天花          (不含乳胶漆)间距300*600,"1、卡式主骨/U型50系列轻钢龙骨、50付骨
2、龙牌/可耐福/拉法基牌纸面12厘石膏板1220*2440",㎡,95.2692,2,2026-05-25T08:52:46,"{""latest_quote_used_at"": ""2026-05-25T08:52:46"", ""left"": {""category"": ""第三章、天棚工程"", ""client_auxiliary_material_price"": 1.8, ""client_labor_price"": 48.0, ""client_main_material_price"": 41.8399, ""client_tax_excluded_price"": 101.0, ""crew_benchmark_price"": 105.0, ""id"": 35, ""item_name"": ""轻钢龙骨石膏板平面天花          (不含乳胶漆)间距300*600"", ""notes"": ""编号: 3-1\n计算规则: 按实做面层面积计算\n工作内容: 1、吊件加工、安装、定位、弹线、选料、下料、定位杆控制高度、平整、安装龙骨及吊配附件、孔洞预留等；2、临时加固、调整、校正；3、灯箱风口封边、龙骨设置；4、预留位置、整体调整，安装天棚面层石膏板\n对甲备注: 1、防水石膏板主材费用增加10元：\n2、如为双层普通石膏板（主材费+人工费）增加20 元/m2"", ""price"": 95.2692, ""source"": ""imported"", ""spec"": ""1、卡式主骨/U型50系列轻钢龙骨、50付骨\n2、龙牌/可耐福/拉法基牌纸面12厘石膏板1220*2440"", ""status"": ""active"", ""subcategory"": """", ""subcontract_auxiliary_material_price"": 1.87129, ""subcontract_composite_price"": 95.2692, ""subcontract_labor_price"": 49.901, ""subcontract_main_material_price"": 43.4969, ""unit"": ""㎡""}, ""quote_usage_count"": 2, ""right"": {""category"": ""第三章、天棚工程"", ""client_auxiliary_material_price"": 1.8, ""client_labor_price"": 58.0, ""client_main_material_price"": 51.8399, ""client_tax_excluded_price"": 123.0, ""crew_benchmark_price"": 117.0, ""id"": 37, ""item_name"": ""轻钢龙骨双层石膏板平面天花 (不含乳胶漆)间距300*600"", ""notes"": ""编号: 3-1b\n计算规则: 按实做面层面积计算\n工作内容: 1、吊件加工、安装、定位、弹线、选料、下料、定位杆控制高度、平整、安装龙骨及吊配附件、孔洞预留等；2、临时加固、调整、校正；3、灯箱风口封边、龙骨设置；4、预留位置、整体调整，安装天棚面层石膏板"", ""price"": 106.194, ""source"": ""imported"", ""spec"": ""1、卡式主骨/U型50系列轻钢龙骨、50付骨\n2、龙牌/可耐福/拉法基牌纸面12厘石膏板1220*2440（双层）"", ""status"": ""active"", ""subcategory"": """", ""subcontract_auxiliary_material_price"": 1.7122, ""subcontract_composite_price"": 106.194, ""subcontract_labor_price"": 55.1707, ""subcontract_main_material_price"": 49.3111, ""unit"": ""㎡""}, ""similarity"": 0.965}",请人工确认是否为合理拆分，或后续需要合并/补充规格说明。,cost_department,,
BIZ2T-0073,medium,no,similar_active_items,46,"46,47",active,imported,夹板窗帘盒,"1、L型灯槽制安：含龙骨、辅助夹板及封石膏板
2、展开宽度450mm以内
3、不含乳胶漆",m,43.2663,2,2026-05-25T08:52:46,"{""latest_quote_used_at"": ""2026-05-25T08:52:46"", ""left"": {""category"": ""第三章、天棚工程"", ""client_auxiliary_material_price"": 2.0, ""client_labor_price"": 29.744, ""client_main_material_price"": 14.2265, ""client_tax_excluded_price"": 51.0, ""crew_benchmark_price"": 48.0, ""id"": 46, ""item_name"": ""夹板窗帘盒"", ""notes"": ""编号: 3-16\n计算规则: 按延长米计\n工作内容: 定位、弹线、制作、安装、固定盖板等"", ""price"": 43.2663, ""source"": ""imported"", ""spec"": ""1、L型灯槽制安：含龙骨、辅助夹板及封石膏板\n2、展开宽度450mm以内\n3、不含乳胶漆"", ""status"": ""active"", ""subcategory"": """", ""subcontract_auxiliary_material_price"": 1.88235, ""subcontract_composite_price"": 43.2663, ""subcontract_labor_price"": 27.9944, ""subcontract_main_material_price"": 13.3896, ""unit"": ""m""}, ""quote_usage_count"": 2, ""right"": {""category"": ""第三章、天棚工程"", ""client_auxiliary_material_price"": 2.0, ""client_labor_price"": 29.744, ""client_main_material_price"": 22.3495, ""client_tax_excluded_price"": 60.0, ""crew_benchmark_price"": 55.0, ""id"": 47, ""item_name"": ""夹板窗帘盒"", ""notes"": ""编号: 3-17\n计算规则: 按延长米计\n工作内容: 定位、弹线、制作、安装、固定盖板等"", ""price"": 49.5857, ""source"": ""imported"", ""spec"": ""1、L型灯槽制安：含龙骨、辅助夹板及封石膏板\n2、展开宽度450mm以外\n3、不含乳胶漆"", ""status"": ""active"", ""subcategory"": """", ""subcontract_auxiliary_material_price"": 1.83333, ""subcontract_composite_price"": 49.5857, ""subcontract_labor_price"": 27.2653, ""subcontract_main_material_price"": 20.487, ""unit"": ""m""}, ""similarity"": 1.0}",请人工确认是否为合理拆分，或后续需要合并/补充规格说明。,cost_department,,
BIZ2T-0075,medium,no,similar_active_items,51,"51,52",active,imported,夹板底木饰面天花吊顶   （轻钢龙骨12mm夹板底，木饰面面层）,"1、卡式主骨/U型50系列轻钢龙骨、50付骨12厘夹板1220*2440、面贴3厘饰面板、油漆
2、防腐处理、面层打磨刷清漆 ~（压皮/饰面~视工艺做法实际调整）现场制安",㎡,181.723,4,2026-05-27T09:11:09,"{""latest_quote_used_at"": ""2026-05-27T09:11:09"", ""left"": {""category"": ""第三章、天棚工程"", ""client_auxiliary_material_price"": 10.0, ""client_labor_price"": 150.08, ""client_main_material_price"": 100.692, ""client_tax_excluded_price"": 287.0, ""crew_benchmark_price"": 200.0, ""id"": 51, ""item_name"": ""夹板底木饰面天花吊顶   （轻钢龙骨12mm夹板底，木饰面面层）"", ""notes"": ""编号: 3-21\n计算规则: 按实做面层面积计算\n工作内容: 1、吊件加工、安装、定位、弹线、选料、下料、定位杆控制高度、平整、安装龙骨及吊配附件、孔洞预留等；2、临时加固、调整、校正；3、灯箱风口封边、龙骨设置；4、安装天棚夹板基层、木饰面层；5、面层油清漆（清扫、磨砂纸、润油粉、刮腻子、刷底漆、面漆等）"", ""price"": 181.723, ""source"": ""imported"", ""spec"": ""1、卡式主骨/U型50系列轻钢龙骨、50付骨12厘夹板1220*2440、面贴3厘饰面板、油漆\n2、防腐处理、面层打磨刷清漆 ~（压皮/饰面~视工艺做法实际调整）现场制安"", ""status"": ""active"", ""subcategory"": """", ""subcontract_auxiliary_material_price"": 6.96864, ""subcontract_composite_price"": 181.723, ""subcontract_labor_price"": 104.585, ""subcontract_main_material_price"": 70.1686, ""unit"": ""㎡""}, ""quote_usage_count"": 4, ""right"": {""category"": ""第三章、天棚工程"", ""client_auxiliary_material_price"": 12.0, ""client_labor_price"": 180.0, ""client_main_material_price"": 90.5818, ""client_tax_excluded_price"": 311.0, ""crew_benchmark_price"": 220.0, ""id"": 52, ""item_name"": ""夹板底木拼纹饰面天花吊顶   （轻钢龙骨12mm夹板底，木饰面面层）"", ""notes"": ""编号: 3-22\n计算规则: 按实做面层面积计算"", ""price"": 199.897, ""source"": ""imported"", ""spec"": ""1、卡式主骨/U型50系列轻钢龙骨、50付骨12厘夹板1220*2440、面贴3厘饰面板、油漆\n2、防腐处理、面层打磨刷清漆 ~（压皮/饰面~视工艺做法实际调整）现场制安"", ""status"": ""active"", ""subcategory"": """", ""subcontract_auxiliary_material_price"": 8.48875, ""subcontract_composite_price"": 199.897, ""subcontract_labor_price"": 127.331, ""subcontract_main_material_price"": 64.0772, ""unit"": ""㎡""}, ""similarity"": 0.9704}",请人工确认是否为合理拆分，或后续需要合并/补充规格说明。,cost_department,,
BIZ2T-0123,medium,no,similar_active_items,176,"176,177",active,imported,拆砖墙（120厚砖墙）,,㎡,16.0,4,2026-05-22T14:09:11,"{""latest_quote_used_at"": ""2026-05-22T14:09:11"", ""left"": {""category"": ""第十二章、独立措施及配管费项目"", ""client_auxiliary_material_price"": null, ""client_labor_price"": 14.55, ""client_main_material_price"": null, ""client_tax_excluded_price"": 16.0, ""crew_benchmark_price"": null, ""id"": 176, ""item_name"": ""拆砖墙（120厚砖墙）"", ""notes"": ""编号: 12-7\n工作内容: 拆除砖墙体、清理基层、废渣堆放"", ""price"": 16.0, ""source"": ""imported"", ""spec"": """", ""status"": ""active"", ""subcategory"": """", ""subcontract_auxiliary_material_price"": null, ""subcontract_composite_price"": null, ""subcontract_labor_price"": null, ""subcontract_main_material_price"": null, ""unit"": ""㎡""}, ""quote_usage_count"": 4, ""right"": {""category"": ""第十二章、独立措施及配管费项目"", ""client_auxiliary_material_price"": null, ""client_labor_price"": 16.73, ""client_main_material_price"": null, ""client_tax_excluded_price"": 18.0, ""crew_benchmark_price"": null, ""id"": 177, ""item_name"": ""拆砖墙（180厚砖墙）"", ""notes"": ""编号: 12-8\n工作内容: 拆除砖墙体、清理基层、废渣堆放"", ""price"": 18.0, ""source"": ""imported"", ""spec"": """", ""status"": ""active"", ""subcategory"": """", ""subcontract_auxiliary_material_price"": null, ""subcontract_composite_price"": null, ""subcontract_labor_price"": null, ""subcontract_main_material_price"": null, ""unit"": ""㎡""}, ""similarity"": 0.8889}",请人工确认是否为合理拆分，或后续需要合并/补充规格说明。,cost_department,,
BIZ2T-0124,medium,no,similar_active_items,185,"185,187",active,imported,"拆除原有水箱座厕,清理,搬运",,套,30.0,1,2026-05-22T14:09:11,"{""latest_quote_used_at"": ""2026-05-22T14:09:11"", ""left"": {""category"": ""第十二章、独立措施及配管费项目"", ""client_auxiliary_material_price"": null, ""client_labor_price"": 27.5, ""client_main_material_price"": null, ""client_tax_excluded_price"": 30.0, ""crew_benchmark_price"": null, ""id"": 185, ""item_name"": ""拆除原有水箱座厕,清理,搬运"", ""notes"": ""编号: 12-16\n工作内容: 拆除水箱座厕、清理基层、废料堆放"", ""price"": 30.0, ""source"": ""imported"", ""spec"": """", ""status"": ""active"", ""subcategory"": """", ""subcontract_auxiliary_material_price"": null, ""subcontract_composite_price"": null, ""subcontract_labor_price"": null, ""subcontract_main_material_price"": null, ""unit"": ""套""}, ""quote_usage_count"": 1, ""right"": {""category"": ""第十二章、独立措施及配管费项目"", ""client_auxiliary_material_price"": null, ""client_labor_price"": 43.3333, ""client_main_material_price"": null, ""client_tax_excluded_price"": 48.0, ""crew_benchmark_price"": null, ""id"": 187, ""item_name"": ""拆除原有水箱蹲厕,清理,搬运"", ""notes"": ""编号: 12-18\n工作内容: 拆除水箱蹲厕、清理基层、废料堆放"", ""price"": 48.0, ""source"": ""imported"", ""spec"": """", ""status"": ""active"", ""subcategory"": """", ""subcontract_auxiliary_material_price"": null, ""subcontract_composite_price"": null, ""subcontract_labor_price"": null, ""subcontract_main_material_price"": null, ""unit"": ""套""}, ""similarity"": 0.9167}",请人工确认是否为合理拆分，或后续需要合并/补充规格说明。,cost_department,,
BIZ2T-0126,medium,no,similar_active_items,206,"206,207",active,manual,高空局部防尘围挡加固,4m以上作业面，含膨胀螺栓、收边和二次固定；未在底层成本库中匹配到该项目，建议人工补充单价,处,100.0,2,2026-05-27T17:29:23,"{""latest_quote_used_at"": ""2026-05-27T17:29:23"", ""left"": {""category"": ""待审核报价沉淀"", ""client_auxiliary_material_price"": null, ""client_labor_price"": null, ""client_main_material_price"": null, ""client_tax_excluded_price"": null, ""crew_benchmark_price"": null, ""id"": 206, ""item_name"": ""高空局部防尘围挡加固"", ""notes"": ""[BIZ-2m 无底价报价沉淀]\nquote_job_id: 6c36ca83-eb62-4b27-b65a-c2205b097ce8\nquote_history_id: 176\nline_no: 6\nrequirement_row_key: -\nsource_sheet: -\nraw_row_index: -\nquantity: 8.0\nai_unit_price: 0.0\nai_total_price: 0.0\nconfirmed_unit_price: 100.0\nconfirmed_total_price: 800.0\ndraft_price_source: confirmed_unit_price\nmanual_price_action: manual_override\nfinal_price_source: manual\nprice_confirmation_label: 人工确认价\ncost_item_source: manual\nquote_source: -\nrequirement_placeholder: false\nnotice: 无成本库参考价，AI 估价，仅供参考，请人工确认价格依据"", ""price"": 100.0, ""source"": ""manual"", ""spec"": ""4m以上作业面，含膨胀螺栓、收边和二次固定；未在底层成本库中匹配到该项目，建议人工补充单价"", ""status"": ""active"", ""subcategory"": ""无底价项目"", ""subcontract_auxiliary_material_price"": null, ""subcontract_composite_price"": null, ""subcontract_labor_price"": null, ""subcontract_main_material_price"": null, ""unit"": ""处""}, ""quote_usage_count"": 2, ""right"": {""category"": ""待审核报价沉淀"", ""client_auxiliary_material_price"": null, ""client_labor_price"": null, ""client_main_material_price"": null, ""client_tax_excluded_price"": null, ""crew_benchmark_price"": null, ""id"": 207, ""item_name"": ""高空局部防尘围挡加固"", ""notes"": ""[BIZ-2m 无底价报价沉淀]\nquote_job_id: cb9c9262-22d2-46f1-abc7-26205c97d140\nquote_history_id: 177\nline_no: 6\nrequirement_row_key: -\nsource_sheet: -\nraw_row_index: -\nquantity: 8.0\nai_unit_price: 0.0\nai_total_price: 0.0\nconfirmed_unit_price: 100.0\nconfirmed_total_price: 800.0\ndraft_price_source: confirmed_unit_price\nmanual_price_action: manual_override\nfinal_price_source: manual\nprice_confirmation_label: 人工确认价\ncost_item_source: manual\nquote_source: -\nrequirement_placeholder: false\nnotice: 无成本库参考价，AI 估价，仅供参考，请人工确认价格依据"", ""price"": 100.0, ""source"": ""manual"", ""spec"": ""4m以上作业面，含膨胀螺栓、收边和二次固定；4m以上作业面，含膨胀螺栓、收边和二次固定；无底价新项，需人工定价"", ""status"": ""active"", ""subcategory"": ""无底价项目"", ""subcontract_auxiliary_material_price"": null, ""subcontract_composite_price"": null, ""subcontract_labor_price"": null, ""subcontract_main_material_price"": null, ""unit"": ""处""}, ""similarity"": 1.0}",请人工确认是否为合理拆分，或后续需要合并/补充规格说明。,cost_department,,
BIZ2T-0006,low,no,same_name_multi_spec,4,"4,5",active,imported,楼地面贴地面砖,,,,0,,"{""item_count"": 2, ""spec_count"": 2}",演示时可用于展示同名不同规格切换；治理时请确认每条规格足够可辨认。,cost_department,,
BIZ2T-0008,low,no,same_name_multi_spec,48,"48,49",active,imported,弧形夹板窗帘盒,,,,0,,"{""item_count"": 2, ""spec_count"": 2}",演示时可用于展示同名不同规格切换；治理时请确认每条规格足够可辨认。,cost_department,,
BIZ2T-0009,low,no,same_name_multi_spec,61,"61,63",active,imported,天花单向铝格栅吊顶（1.0mm）,,,,0,,"{""item_count"": 2, ""spec_count"": 2}",演示时可用于展示同名不同规格切换；治理时请确认每条规格足够可辨认。,cost_department,,
BIZ2T-0010,low,no,same_name_multi_spec,62,"62,64",active,imported,天花单向铝格栅吊顶（0.8mm）,,,,0,,"{""item_count"": 2, ""spec_count"": 2}",演示时可用于展示同名不同规格切换；治理时请确认每条规格足够可辨认。,cost_department,,
BIZ2T-0011,low,no,same_name_multi_spec,65,"65,66",active,imported,实木收口木饰面地脚线,,,,0,,"{""item_count"": 2, ""spec_count"": 2}",演示时可用于展示同名不同规格切换；治理时请确认每条规格足够可辨认。,cost_department,,
BIZ2T-0012,low,no,same_name_multi_spec,96,"96,97,98,99",active,imported,不锈钢线条安装人工（含辅材）,,,,0,,"{""item_count"": 4, ""spec_count"": 4}",演示时可用于展示同名不同规格切换；治理时请确认每条规格足够可辨认。,cost_department,,
BIZ2T-0013,low,no,same_name_multi_spec,100,"100,101",active,imported,石材线条安装人工（含辅材）,,,,0,,"{""item_count"": 2, ""spec_count"": 2}",演示时可用于展示同名不同规格切换；治理时请确认每条规格足够可辨认。,cost_department,,
BIZ2T-0014,low,no,same_name_multi_spec,111,"111,112",active,imported,砌内墙灰砂砖,,,,0,,"{""item_count"": 2, ""spec_count"": 2}",演示时可用于展示同名不同规格切换；治理时请确认每条规格足够可辨认。,cost_department,,
BIZ2T-0015,low,no,same_name_multi_spec,116,"116,118,119",active,imported,地弹簧,,,,0,,"{""item_count"": 3, ""spec_count"": 3}",演示时可用于展示同名不同规格切换；治理时请确认每条规格足够可辨认。,cost_department,,
BIZ2T-0016,low,no,same_name_multi_spec,128,"128,129,130",active,imported,304#不锈钢上下夹（短夹）,,,,0,,"{""item_count"": 3, ""spec_count"": 3}",演示时可用于展示同名不同规格切换；治理时请确认每条规格足够可辨认。,cost_department,,
BIZ2T-0018,low,no,same_name_multi_spec,131,"131,132",active,imported,304#不锈钢上下夹（长夹）-同门扇宽（800-900长）,,,,0,,"{""item_count"": 2, ""spec_count"": 2}",演示时可用于展示同名不同规格切换；治理时请确认每条规格足够可辨认。,cost_department,,
BIZ2T-0020,low,no,same_name_multi_spec,149,"149,150",active,imported,墙面、天花肌理漆,,,,0,,"{""item_count"": 2, ""spec_count"": 2}",演示时可用于展示同名不同规格切换；治理时请确认每条规格足够可辨认。,cost_department,,
BIZ2T-0021,low,no,same_name_multi_spec,167,"167,168",active,imported,双排钢管脚手架（零星工程价格）,,,,0,,"{""item_count"": 2, ""spec_count"": 2}",演示时可用于展示同名不同规格切换；治理时请确认每条规格足够可辨认。,cost_department,,
BIZ2T-0023,low,no,missing_spec,56,,active,imported,350mm高以内铝百叶出风口,,m,118.42,0,,{},如该条目确实不区分规格可保留；否则建议补齐，便于报价依据解释。,cost_department,,
BIZ2T-0024,low,no,missing_spec,128,,active,imported,304#不锈钢上下夹（短夹）,,个,75.1812,0,,{},如该条目确实不区分规格可保留；否则建议补齐，便于报价依据解释。,cost_department,,
BIZ2T-0025,low,no,missing_spec,131,,active,imported,304#不锈钢上下夹（长夹）-同门扇宽（800-900长）,,个,136.364,0,,{},如该条目确实不区分规格可保留；否则建议补齐，便于报价依据解释。,cost_department,,
BIZ2T-0027,low,no,missing_spec,137,,active,imported,淋浴间安装直径22mm不锈钢管挂帘杆壁厚1.2mm厚,,根,45.4545,0,,{},如该条目确实不区分规格可保留；否则建议补齐，便于报价依据解释。,cost_department,,
BIZ2T-0028,low,no,missing_spec,139,,active,imported,卫生间洗手台钢架制作（不小于40角钢制作）,,m,90.9091,0,,{},如该条目确实不区分规格可保留；否则建议补齐，便于报价依据解释。,cost_department,,
BIZ2T-0029,low,no,missing_spec,140,,active,imported,甲供银镜安装（重叠镜）,,套,11.6071,0,,{},如该条目确实不区分规格可保留；否则建议补齐，便于报价依据解释。,cost_department,,
BIZ2T-0032,low,no,missing_spec,169,,active,imported,装修综合脚手架,,㎡,4.0,0,,{},如该条目确实不区分规格可保留；否则建议补齐，便于报价依据解释。,cost_department,,
BIZ2T-0033,low,no,missing_spec,170,,active,imported,楼地面块料面层(瓷砖及石材类）及水泥砂浆结合层铲除,,㎡,22.0,0,,{},如该条目确实不区分规格可保留；否则建议补齐，便于报价依据解释。,cost_department,,
BIZ2T-0034,low,no,missing_spec,171,,active,imported,楼地面整体水泥砂浆面层及结合层铲除,,㎡,10.0,0,,{},如该条目确实不区分规格可保留；否则建议补齐，便于报价依据解释。,cost_department,,
BIZ2T-0038,low,no,missing_spec,175,,active,imported,铲除墙纸,,㎡,5.0,0,,{},如该条目确实不区分规格可保留；否则建议补齐，便于报价依据解释。,cost_department,,
BIZ2T-0040,low,no,missing_spec,177,,active,imported,拆砖墙（180厚砖墙）,,㎡,18.0,0,,{},如该条目确实不区分规格可保留；否则建议补齐，便于报价依据解释。,cost_department,,
BIZ2T-0041,low,no,missing_spec,178,,active,imported,凿除墙面瓷砖、石材及水泥砂浆结合层、找平层,,㎡,22.0,0,,{},如该条目确实不区分规格可保留；否则建议补齐，便于报价依据解释。,cost_department,,
BIZ2T-0045,low,no,missing_spec,182,,active,imported,天花做轻钢龙骨石膏板吊顶（不换轻钢龙骨，只换面层石膏板）,,㎡,43.0,0,,{},如该条目确实不区分规格可保留；否则建议补齐，便于报价依据解释。,cost_department,,
BIZ2T-0046,low,no,missing_spec,183,,active,imported,天花更换方形铝扣板（只换面层方形铝扣板）,,㎡,56.0,0,,{},如该条目确实不区分规格可保留；否则建议补齐，便于报价依据解释。,cost_department,,
BIZ2T-0047,low,no,missing_spec,184,,active,imported,天花开灯孔（仅用于已有旧天花面上）,,个,4.0,0,,{},如该条目确实不区分规格可保留；否则建议补齐，便于报价依据解释。,cost_department,,
BIZ2T-0049,low,no,missing_spec,186,,active,imported,"拆除原有脚踏蹲厕,清理,搬运",,套,27.0,0,,{},如该条目确实不区分规格可保留；否则建议补齐，便于报价依据解释。,cost_department,,
BIZ2T-0050,low,no,missing_spec,187,,active,imported,"拆除原有水箱蹲厕,清理,搬运",,套,48.0,0,,{},如该条目确实不区分规格可保留；否则建议补齐，便于报价依据解释。,cost_department,,
BIZ2T-0052,low,no,missing_spec,189,,active,imported,"拆除原有冷水龙头,清理",,套,1.0,0,,{},如该条目确实不区分规格可保留；否则建议补齐，便于报价依据解释。,cost_department,,
BIZ2T-0054,low,no,missing_spec,191,,active,imported,已完工程及设备（成品）保护费,,㎡,9.0,0,,{},如该条目确实不区分规格可保留；否则建议补齐，便于报价依据解释。,cost_department,,
BIZ2T-0055,low,no,unit_needs_review,33,,active,imported,卫生间素砼防水槛,"1、宽度250mm以内
2、厚度150mm以内
3、长度1000mm以内",条,14.6667,0,,"{""unit_key"": ""条""}",如属于 m/㎡/m³/kg/项/套/个等常见口径，请统一写法；特殊单位可保留。,cost_department,,
BIZ2T-0056,low,no,unit_needs_review,125,,active,imported,不锈钢拉手φ38*800MM,TG-9457,付,567.769,0,,"{""unit_key"": ""付""}",如属于 m/㎡/m³/kg/项/套/个等常见口径，请统一写法；特殊单位可保留。,cost_department,,
BIZ2T-0057,low,no,unit_needs_review,126,,active,imported,不锈钢大拉手φ38*1200mm,903.01.981,付,618.561,0,,"{""unit_key"": ""付""}",如属于 m/㎡/m³/kg/项/套/个等常见口径，请统一写法；特殊单位可保留。,cost_department,,
BIZ2T-0058,low,no,unit_needs_review,133,,active,imported,直角方管不锈钢大拉手,φ38*25  L=1200mm,付,618.561,0,,"{""unit_key"": ""付""}",如属于 m/㎡/m³/kg/项/套/个等常见口径，请统一写法；特殊单位可保留。,cost_department,,
BIZ2T-0059,low,no,unit_needs_review,134,,active,imported,不锈钢拉手,AG102-φ38*1200-SS,付,178.268,0,,"{""unit_key"": ""付""}",如属于 m/㎡/m³/kg/项/套/个等常见口径，请统一写法；特殊单位可保留。,cost_department,,
BIZ2T-0063,low,no,similar_active_items,4,"4,5",active,imported,楼地面贴地面砖,"1、＜800mm×800 mm
2、找平层1：3水泥砂浆厚20mm~40mm+结合层水泥膏厚6mm以上（含辅助用白水泥）",㎡,54.3706,0,,"{""left"": {""category"": ""第二章、楼地面工程"", ""client_auxiliary_material_price"": 13.0, ""client_labor_price"": 48.62, ""client_main_material_price"": null, ""client_tax_excluded_price"": 68.0, ""crew_benchmark_price"": 60.0, ""id"": 4, ""item_name"": ""楼地面贴地面砖"", ""notes"": ""编号: 2-3\n计算规则: 按相应面层计算规则计算\n工作内容: 清理基层、备料、调制砂浆、浸泡块料、刷水泥浆、抹结合层、铺贴、擦缝、清理净面、养护\n对甲备注: 如采用甲供粘结剂铺贴，辅料扣除水泥膏费用4元及相应取费\n劳务备注: 如采用甲供粘结剂铺贴，辅料扣除水泥膏费用4元及相应取费"", ""price"": 54.3706, ""source"": ""imported"", ""spec"": ""1、＜800mm×800 mm\n2、找平层1：3水泥砂浆厚20mm~40mm+结合层水泥膏厚6mm以上（含辅助用白水泥）"", ""status"": ""active"", ""subcategory"": """", ""subcontract_auxiliary_material_price"": 11.4706, ""subcontract_composite_price"": 54.3706, ""subcontract_labor_price"": 42.9, ""subcontract_main_material_price"": 0.0, ""unit"": ""㎡""}, ""right"": {""category"": ""第二章、楼地面工程"", ""client_auxiliary_material_price"": 13.0, ""client_labor_price"": 50.49, ""client_main_material_price"": null, ""client_tax_excluded_price"": 70.0, ""crew_benchmark_price"": 60.0, ""id"": 5, ""item_name"": ""楼地面贴地面砖"", ""notes"": ""编号: 2-4\n计算规则: 按相应面层计算规则计算\n工作内容: 清理基层、备料、调制砂浆、浸泡块料、刷水泥浆、抹结合层、铺贴、擦缝、清理净面、养护\n对甲备注: 如采用甲供粘结剂铺贴，辅料扣除水泥膏费用4元及相应取费\n劳务备注: 如采用甲供粘结剂铺贴，辅料扣除水泥膏费用4元及相应取费"", ""price"": 54.42, ""source"": ""imported"", ""spec"": ""1、≥800mm×800mm\n2、找平层1：3水泥砂浆厚20mm~40mm+结合层水泥膏厚6mm以上（含辅助用白水泥）"", ""status"": ""active"", ""subcategory"": """", ""subcontract_auxiliary_material_price"": 11.1429, ""subcontract_composite_price"": 54.42, ""subcontract_labor_price"": 43.2771, ""subcontract_main_material_price"": 0.0, ""unit"": ""㎡""}, ""similarity"": 1.0}",请人工确认是否为合理拆分，或后续需要合并/补充规格说明。,cost_department,,
BIZ2T-0064,low,no,similar_active_items,16,"16,17",active,imported,地面工字铺贴实木木地板连9mm夹板基层及防潮(不含地面找平),乙供9厘夹板，含铺珍珠棉防潮层,㎡,47.1417,0,,"{""left"": {""category"": ""第二章、楼地面工程"", ""client_auxiliary_material_price"": 26.9597, ""client_labor_price"": 26.528, ""client_main_material_price"": null, ""client_tax_excluded_price"": 59.0, ""crew_benchmark_price"": 52.0, ""id"": 16, ""item_name"": ""地面工字铺贴实木木地板连9mm夹板基层及防潮(不含地面找平)"", ""notes"": ""编号: 2-15\n计算规则: 按相应面层计算规则计算\n工作内容: 清扫基层、铺防潮层、刷防腐油、满铺九厘夹板、刷胶、铺木地板含收口条、净面。"", ""price"": 47.1417, ""source"": ""imported"", ""spec"": ""乙供9厘夹板，含铺珍珠棉防潮层"", ""status"": ""active"", ""subcategory"": """", ""subcontract_auxiliary_material_price"": 23.7611, ""subcontract_composite_price"": 47.1417, ""subcontract_labor_price"": 23.3806, ""subcontract_main_material_price"": 0.0, ""unit"": ""㎡""}, ""right"": {""category"": ""第二章、楼地面工程"", ""client_auxiliary_material_price"": 26.96, ""client_labor_price"": 29.12, ""client_main_material_price"": null, ""client_tax_excluded_price"": 62.0, ""crew_benchmark_price"": 55.0, ""id"": 17, ""item_name"": ""地面斜铺贴实木木地板连9mm夹板基层及防潮(不含地面找平)"", ""notes"": ""编号: 2-16\n计算规则: 按相应面层计算规则计算\n工作内容: 清扫基层、铺防潮层、刷防腐油、满铺九厘夹板、刷胶、铺木地板含收口条、净面。"", ""price"": 49.7484, ""source"": ""imported"", ""spec"": ""乙供9厘夹板，含铺珍珠棉防潮层"", ""status"": ""active"", ""subcategory"": """", ""subcontract_auxiliary_material_price"": 23.9161, ""subcontract_composite_price"": 49.7484, ""subcontract_labor_price"": 25.8323, ""subcontract_main_material_price"": 0.0, ""unit"": ""㎡""}, ""similarity"": 0.9564}",请人工确认是否为合理拆分，或后续需要合并/补充规格说明。,cost_department,,
BIZ2T-0065,low,no,similar_active_items,16,"16,18",active,imported,地面工字铺贴实木木地板连9mm夹板基层及防潮(不含地面找平),乙供9厘夹板，含铺珍珠棉防潮层,㎡,47.1417,0,,"{""left"": {""category"": ""第二章、楼地面工程"", ""client_auxiliary_material_price"": 26.9597, ""client_labor_price"": 26.528, ""client_main_material_price"": null, ""client_tax_excluded_price"": 59.0, ""crew_benchmark_price"": 52.0, ""id"": 16, ""item_name"": ""地面工字铺贴实木木地板连9mm夹板基层及防潮(不含地面找平)"", ""notes"": ""编号: 2-15\n计算规则: 按相应面层计算规则计算\n工作内容: 清扫基层、铺防潮层、刷防腐油、满铺九厘夹板、刷胶、铺木地板含收口条、净面。"", ""price"": 47.1417, ""source"": ""imported"", ""spec"": ""乙供9厘夹板，含铺珍珠棉防潮层"", ""status"": ""active"", ""subcategory"": """", ""subcontract_auxiliary_material_price"": 23.7611, ""subcontract_composite_price"": 47.1417, ""subcontract_labor_price"": 23.3806, ""subcontract_main_material_price"": 0.0, ""unit"": ""㎡""}, ""right"": {""category"": ""第二章、楼地面工程"", ""client_auxiliary_material_price"": 26.96, ""client_labor_price"": 34.88, ""client_main_material_price"": null, ""client_tax_excluded_price"": 68.0, ""crew_benchmark_price"": 57.0, ""id"": 18, ""item_name"": ""地面人字铺贴实木木地板连9mm夹板基层及防潮(不含地面找平)"", ""notes"": ""编号: 2-17\n计算规则: 按相应面层计算规则计算\n工作内容: 清扫基层、铺防潮层、刷防腐油、满铺九厘夹板、刷胶、铺木地板含收口条、净面。"", ""price"": 51.8365, ""source"": ""imported"", ""spec"": ""乙供9厘夹板，含铺珍珠棉防潮层"", ""status"": ""active"", ""subcategory"": """", ""subcontract_auxiliary_material_price"": 22.5988, ""subcontract_composite_price"": 51.8365, ""subcontract_labor_price"": 29.2376, ""subcontract_main_material_price"": 0.0, ""unit"": ""㎡""}, ""similarity"": 0.9714}",请人工确认是否为合理拆分，或后续需要合并/补充规格说明。,cost_department,,
BIZ2T-0066,low,no,similar_active_items,17,"17,18",active,imported,地面斜铺贴实木木地板连9mm夹板基层及防潮(不含地面找平),乙供9厘夹板，含铺珍珠棉防潮层,㎡,49.7484,0,,"{""left"": {""category"": ""第二章、楼地面工程"", ""client_auxiliary_material_price"": 26.96, ""client_labor_price"": 29.12, ""client_main_material_price"": null, ""client_tax_excluded_price"": 62.0, ""crew_benchmark_price"": 55.0, ""id"": 17, ""item_name"": ""地面斜铺贴实木木地板连9mm夹板基层及防潮(不含地面找平)"", ""notes"": ""编号: 2-16\n计算规则: 按相应面层计算规则计算\n工作内容: 清扫基层、铺防潮层、刷防腐油、满铺九厘夹板、刷胶、铺木地板含收口条、净面。"", ""price"": 49.7484, ""source"": ""imported"", ""spec"": ""乙供9厘夹板，含铺珍珠棉防潮层"", ""status"": ""active"", ""subcategory"": """", ""subcontract_auxiliary_material_price"": 23.9161, ""subcontract_composite_price"": 49.7484, ""subcontract_labor_price"": 25.8323, ""subcontract_main_material_price"": 0.0, ""unit"": ""㎡""}, ""right"": {""category"": ""第二章、楼地面工程"", ""client_auxiliary_material_price"": 26.96, ""client_labor_price"": 34.88, ""client_main_material_price"": null, ""client_tax_excluded_price"": 68.0, ""crew_benchmark_price"": 57.0, ""id"": 18, ""item_name"": ""地面人字铺贴实木木地板连9mm夹板基层及防潮(不含地面找平)"", ""notes"": ""编号: 2-17\n计算规则: 按相应面层计算规则计算\n工作内容: 清扫基层、铺防潮层、刷防腐油、满铺九厘夹板、刷胶、铺木地板含收口条、净面。"", ""price"": 51.8365, ""source"": ""imported"", ""spec"": ""乙供9厘夹板，含铺珍珠棉防潮层"", ""status"": ""active"", ""subcategory"": """", ""subcontract_auxiliary_material_price"": 22.5988, ""subcontract_composite_price"": 51.8365, ""subcontract_labor_price"": 29.2376, ""subcontract_main_material_price"": 0.0, ""unit"": ""㎡""}, ""similarity"": 0.9564}",请人工确认是否为合理拆分，或后续需要合并/补充规格说明。,cost_department,,
BIZ2T-0067,low,no,similar_active_items,25,"25,27",active,imported,"成品瓷砖波打线 /门槛 （1、本子目仅计铺120mm～250mm宽(含250mm宽)波打线人工费用；
2、乙供瓷砖另计且粘贴费在瓷砖主材中考虑；
 3、宽超250mm以上瓷砖按楼地面瓷砖以面积计算）","1、宽120mm～250mm（含250mm）
2、找平层1：3水泥砂浆厚20mm~40mm+结合层水泥膏厚6mm以上（含辅助用白水泥）",m,18.408,0,,"{""left"": {""category"": ""第二章、楼地面工程"", ""client_auxiliary_material_price"": 3.01563, ""client_labor_price"": 19.074, ""client_main_material_price"": null, ""client_tax_excluded_price"": 24.0, ""crew_benchmark_price"": 20.0, ""id"": 25, ""item_name"": ""成品瓷砖波打线 /门槛 （1、本子目仅计铺120mm～250mm宽(含250mm宽)波打线人工费用；\n2、乙供瓷砖另计且粘贴费在瓷砖主材中考虑；\n 3、宽超250mm以上瓷砖按楼地面瓷砖以面积计算）"", ""notes"": ""编号: 2-24\n计算规则: 按见光面，延长米计算\n工作内容: 清理基层、调制砂浆、刷水泥浆、抹结合层、铺贴、填缝、打蜡、擦光。\n对甲备注: 如采用甲供粘结剂铺贴，辅料扣除水泥膏费用0.71元及相应取费\n劳务备注: 如采用甲供粘结剂铺贴，辅料扣除水泥膏费用0.71元及相应取费"", ""price"": 18.408, ""source"": ""imported"", ""spec"": ""1、宽120mm～250mm（含250mm）\n2、找平层1：3水泥砂浆厚20mm~40mm+结合层水泥膏厚6mm以上（含辅助用白水泥）"", ""status"": ""active"", ""subcategory"": """", ""subcontract_auxiliary_material_price"": 2.51303, ""subcontract_composite_price"": 18.408, ""subcontract_labor_price"": 15.895, ""subcontract_main_material_price"": 0.0, ""unit"": ""m""}, ""right"": {""category"": ""第二章、楼地面工程"", ""client_auxiliary_material_price"": 3.5, ""client_labor_price"": 20.94, ""client_main_material_price"": null, ""client_tax_excluded_price"": 27.0, ""crew_benchmark_price"": 20.0, ""id"": 27, ""item_name"": ""成品石材波打线 /门槛石 （1、本子目仅计铺120mm～250mm宽(含250mm宽)波打线人工费用；\n2、乙供石材另计且粘贴费在石材主材中考虑；\n 3、宽超250以上石材按楼地面石材以面积计算）"", ""notes"": ""编号: 2-26\n计算规则: 按见光面，延长米计算\n工作内容: 清理基层、调制砂浆、刷水泥浆、抹结合层、铺贴、填缝、打蜡、擦光。\n对甲备注: 如采用甲供粘结剂铺贴，辅料扣除水泥膏费用0.71元及相应取费\n劳务备注: 如采用甲供粘结剂铺贴，辅料扣除水泥膏费用0.71元及相应取费"", ""price"": 18.1037, ""source"": ""imported"", ""spec"": ""1、宽120mm～250mm（含250mm）\n2、找平层1：3水泥砂浆厚20mm~40mm+结合层水泥膏厚6mm以上（含辅助用白水泥）"", ""status"": ""active"", ""subcategory"": """", ""subcontract_auxiliary_material_price"": 2.59259, ""subcontract_composite_price"": 18.1037, ""subcontract_labor_price"": 15.5111, ""subcontract_main_material_price"": 0.0, ""unit"": ""m""}, ""similarity"": 0.8898}",请人工确认是否为合理拆分，或后续需要合并/补充规格说明。,cost_department,,
BIZ2T-0068,low,no,similar_active_items,28,"28,114",active,imported,1：3水泥砂浆超厚每增加10mm,"1、1：3水泥砂浆
2、瓷砖或石材铺贴、水泥砂浆厚度超过指定厚度",㎡,2.23069,0,,"{""left"": {""category"": ""第二章、楼地面工程"", ""client_auxiliary_material_price"": 3.71337, ""client_labor_price"": 0.748, ""client_main_material_price"": null, ""client_tax_excluded_price"": 5.0, ""crew_benchmark_price"": 2.5, ""id"": 28, ""item_name"": ""1：3水泥砂浆超厚每增加10mm"", ""notes"": ""编号: 2-27\n计算规则: 按面积计算\n工作内容: 上料、调制砂浆、抹水泥砂浆"", ""price"": 2.23069, ""source"": ""imported"", ""spec"": ""1、1：3水泥砂浆\n2、瓷砖或石材铺贴、水泥砂浆厚度超过指定厚度"", ""status"": ""active"", ""subcategory"": """", ""subcontract_auxiliary_material_price"": 1.85669, ""subcontract_composite_price"": 2.23069, ""subcontract_labor_price"": 0.374, ""subcontract_main_material_price"": 0.0, ""unit"": ""㎡""}, ""right"": {""category"": ""第四章、墙柱面工程"", ""client_auxiliary_material_price"": 3.492, ""client_labor_price"": 0.8415, ""client_main_material_price"": null, ""client_tax_excluded_price"": 5.0, ""crew_benchmark_price"": 3.0, ""id"": 114, ""item_name"": ""1：3水泥砂浆超厚每增加10mm"", ""notes"": ""编号: 4-43\n计算规则: 按面积计算\n工作内容: 上料、调制砂浆、抹水泥砂浆"", ""price"": 2.6001, ""source"": ""imported"", ""spec"": ""1、1：3水泥砂浆\n2、瓷砖或石材铺贴、水泥砂浆厚度超过指定厚度"", ""status"": ""active"", ""subcategory"": """", ""subcontract_auxiliary_material_price"": 2.0952, ""subcontract_composite_price"": 2.6001, ""subcontract_labor_price"": 0.5049, ""subcontract_main_material_price"": 0.0, ""unit"": ""㎡""}, ""similarity"": 1.0}",请人工确认是否为合理拆分，或后续需要合并/补充规格说明。,cost_department,,
BIZ2T-0071,low,no,similar_active_items,36,"36,37",active,imported,轻钢龙骨防水石膏板平面天花 (不含乳胶漆)间距300*600,"1、卡式主骨/U型50系列轻钢龙骨、50付骨
2、龙牌/可耐福/拉法基牌纸面12厘防水石膏板1220*2440",㎡,99.8249,0,,"{""left"": {""category"": ""第三章、天棚工程"", ""client_auxiliary_material_price"": 1.8, ""client_labor_price"": 48.0, ""client_main_material_price"": 51.8399, ""client_tax_excluded_price"": 112.0, ""crew_benchmark_price"": 110.0, ""id"": 36, ""item_name"": ""轻钢龙骨防水石膏板平面天花 (不含乳胶漆)间距300*600"", ""notes"": ""编号: 3-1a\n计算规则: 按实做面层面积计算\n工作内容: 1、吊件加工、安装、定位、弹线、选料、下料、定位杆控制高度、平整、安装龙骨及吊配附件、孔洞预留等；2、临时加固、调整、校正；3、灯箱风口封边、龙骨设置；4、预留位置、整体调整，安装天棚面层石膏板"", ""price"": 99.8249, ""source"": ""imported"", ""spec"": ""1、卡式主骨/U型50系列轻钢龙骨、50付骨\n2、龙牌/可耐福/拉法基牌纸面12厘防水石膏板1220*2440"", ""status"": ""active"", ""subcategory"": """", ""subcontract_auxiliary_material_price"": 1.76786, ""subcontract_composite_price"": 99.8249, ""subcontract_labor_price"": 47.1429, ""subcontract_main_material_price"": 50.9142, ""unit"": ""㎡""}, ""right"": {""category"": ""第三章、天棚工程"", ""client_auxiliary_material_price"": 1.8, ""client_labor_price"": 58.0, ""client_main_material_price"": 51.8399, ""client_tax_excluded_price"": 123.0, ""crew_benchmark_price"": 117.0, ""id"": 37, ""item_name"": ""轻钢龙骨双层石膏板平面天花 (不含乳胶漆)间距300*600"", ""notes"": ""编号: 3-1b\n计算规则: 按实做面层面积计算\n工作内容: 1、吊件加工、安装、定位、弹线、选料、下料、定位杆控制高度、平整、安装龙骨及吊配附件、孔洞预留等；2、临时加固、调整、校正；3、灯箱风口封边、龙骨设置；4、预留位置、整体调整，安装天棚面层石膏板"", ""price"": 106.194, ""source"": ""imported"", ""spec"": ""1、卡式主骨/U型50系列轻钢龙骨、50付骨\n2、龙牌/可耐福/拉法基牌纸面12厘石膏板1220*2440（双层）"", ""status"": ""active"", ""subcategory"": """", ""subcontract_auxiliary_material_price"": 1.7122, ""subcontract_composite_price"": 106.194, ""subcontract_labor_price"": 55.1707, ""subcontract_main_material_price"": 49.3111, ""unit"": ""㎡""}, ""similarity"": 0.9324}",请人工确认是否为合理拆分，或后续需要合并/补充规格说明。,cost_department,,
BIZ2T-0072,low,no,similar_active_items,42,"42,43",active,imported,150高石膏角线,"1、穗华牌石膏线安装、拼接、打磨
2、不含乳胶漆",m,15.1812,0,,"{""left"": {""category"": ""第三章、天棚工程"", ""client_auxiliary_material_price"": 0.8, ""client_labor_price"": 4.96, ""client_main_material_price"": 13.8862, ""client_tax_excluded_price"": 22.0, ""crew_benchmark_price"": 17.0, ""id"": 42, ""item_name"": ""150高石膏角线"", ""notes"": ""编号: 3-11\n计算规则: 按延长米计\n工作内容: 定位、清理基层、选截材料、刷底油、磨砂纸、刷胶粘贴"", ""price"": 15.1812, ""source"": ""imported"", ""spec"": ""1、穗华牌石膏线安装、拼接、打磨\n2、不含乳胶漆"", ""status"": ""active"", ""subcategory"": """", ""subcontract_auxiliary_material_price"": 0.618182, ""subcontract_composite_price"": 15.1812, ""subcontract_labor_price"": 3.83273, ""subcontract_main_material_price"": 10.7303, ""unit"": ""m""}, ""right"": {""category"": ""第三章、天棚工程"", ""client_auxiliary_material_price"": 0.8, ""client_labor_price"": 4.976, ""client_main_material_price"": 10.2638, ""client_tax_excluded_price"": 18.0, ""crew_benchmark_price"": 15.0, ""id"": 43, ""item_name"": ""120高石膏角线"", ""notes"": ""编号: 3-12\n计算规则: 按延长米计\n工作内容: 定位、清理基层、选截材料、刷底油、磨砂纸、刷胶粘贴"", ""price"": 13.3665, ""source"": ""imported"", ""spec"": ""1、穗华牌石膏线安装、拼接、打磨\n2、不含乳胶漆"", ""status"": ""active"", ""subcategory"": """", ""subcontract_auxiliary_material_price"": 0.666667, ""subcontract_composite_price"": 13.3665, ""subcontract_labor_price"": 4.14667, ""subcontract_main_material_price"": 8.55313, ""unit"": ""m""}, ""similarity"": 0.9}",请人工确认是否为合理拆分，或后续需要合并/补充规格说明。,cost_department,,
BIZ2T-0074,low,no,similar_active_items,48,"48,49",active,imported,弧形夹板窗帘盒,"1、L型灯槽制安：含龙骨、辅助夹板及封石膏板
2、展开宽度450mm以内
3、不含乳胶漆",m,55.1046,0,,"{""left"": {""category"": ""第三章、天棚工程"", ""client_auxiliary_material_price"": 2.5, ""client_labor_price"": 40.832, ""client_main_material_price"": 15.386, ""client_tax_excluded_price"": 65.0, ""crew_benchmark_price"": 61.0, ""id"": 48, ""item_name"": ""弧形夹板窗帘盒"", ""notes"": ""编号: 3-18\n计算规则: 按延长米计\n工作内容: 定位、弹线、制作、安装、固定盖板等"", ""price"": 55.1046, ""source"": ""imported"", ""spec"": ""1、L型灯槽制安：含龙骨、辅助夹板及封石膏板\n2、展开宽度450mm以内\n3、不含乳胶漆"", ""status"": ""active"", ""subcategory"": """", ""subcontract_auxiliary_material_price"": 2.34615, ""subcontract_composite_price"": 55.1046, ""subcontract_labor_price"": 38.3193, ""subcontract_main_material_price"": 14.4391, ""unit"": ""m""}, ""right"": {""category"": ""第三章、天棚工程"", ""client_auxiliary_material_price"": 2.5, ""client_labor_price"": 45.232, ""client_main_material_price"": 27.432, ""client_tax_excluded_price"": 83.0, ""crew_benchmark_price"": 80.0, ""id"": 49, ""item_name"": ""弧形夹板窗帘盒"", ""notes"": ""编号: 3-19\n计算规则: 按延长米计\n工作内容: 定位、弹线、制作、安装、固定盖板等"", ""price"": 72.4473, ""source"": ""imported"", ""spec"": ""1、L型灯槽制安：含龙骨、辅助夹板及封石膏板\n2、展开宽度450mm以外\n3、不含乳胶漆"", ""status"": ""active"", ""subcategory"": """", ""subcontract_auxiliary_material_price"": 2.40964, ""subcontract_composite_price"": 72.4473, ""subcontract_labor_price"": 43.5971, ""subcontract_main_material_price"": 26.4405, ""unit"": ""m""}, ""similarity"": 1.0}",请人工确认是否为合理拆分，或后续需要合并/补充规格说明。,cost_department,,
BIZ2T-0076,low,no,similar_active_items,55,"55,71",active,imported,天花成品木饰面安装,"1、排版弹线、免钉胶粘贴、射钉固定
2、预留孔洞等",㎡,40.9091,0,,"{""left"": {""category"": ""第三章、天棚工程"", ""client_auxiliary_material_price"": 8.0, ""client_labor_price"": 42.0, ""client_main_material_price"": null, ""client_tax_excluded_price"": 55.0, ""crew_benchmark_price"": 45.0, ""id"": 55, ""item_name"": ""天花成品木饰面安装"", ""notes"": ""编号: 3-25\n计算规则: 按实做面层面积计算\n工作内容: 1、排版弹线、免钉胶粘贴、射钉固定\n2、预留孔洞等"", ""price"": 40.9091, ""source"": ""imported"", ""spec"": ""1、排版弹线、免钉胶粘贴、射钉固定\n2、预留孔洞等"", ""status"": ""active"", ""subcategory"": """", ""subcontract_auxiliary_material_price"": 6.54545, ""subcontract_composite_price"": 40.9091, ""subcontract_labor_price"": 34.3636, ""subcontract_main_material_price"": 0.0, ""unit"": ""㎡""}, ""right"": {""category"": ""第四章、墙柱面工程"", ""client_auxiliary_material_price"": 8.0, ""client_labor_price"": 36.0, ""client_main_material_price"": null, ""client_tax_excluded_price"": 48.0, ""crew_benchmark_price"": 35.0, ""id"": 71, ""item_name"": ""成品木饰面安装"", ""notes"": ""编号: 4-7\n计算规则: 按实做面层面积计算\n工作内容: 1、排版弹线、免钉胶粘贴、射钉固定\n2、预留孔洞等"", ""price"": 32.0833, ""source"": ""imported"", ""spec"": ""1、排版弹线、免钉胶粘贴、射钉固定\n2、预留孔洞等"", ""status"": ""active"", ""subcategory"": """", ""subcontract_auxiliary_material_price"": 5.83333, ""subcontract_composite_price"": 32.0833, ""subcontract_labor_price"": 26.25, ""subcontract_main_material_price"": 0.0, ""unit"": ""㎡""}, ""similarity"": 0.9}",请人工确认是否为合理拆分，或后续需要合并/补充规格说明。,cost_department,,
BIZ2T-0077,low,no,similar_active_items,61,"61,63",active,imported,天花单向铝格栅吊顶（1.0mm）,"1、卡式主骨/U型50系列轻钢龙骨、50付骨、接头、吊杆
2、面层材料：规格100*40mm*1.0mm厚（竖向）间距110mm
3、安装固定等所有辅材",㎡,172.688,0,,"{""left"": {""category"": ""第三章、天棚工程"", ""client_auxiliary_material_price"": 5.0, ""client_labor_price"": 18.144, ""client_main_material_price"": 145.0, ""client_tax_excluded_price"": 185.0, ""crew_benchmark_price"": 190.0, ""id"": 61, ""item_name"": ""天花单向铝格栅吊顶（1.0mm）"", ""notes"": ""编号: 3-31\n计算规则: 按实做面层面积计算\n工作内容: 1、基层清理\n2、安装龙骨\n3、基层板铺贴\n4、面层铺贴\n5、刷防护材料\n对甲备注: 当铝格栅规格厚度相同、间距不同时，材料费按24元/米换算；\n当铝格栅规格厚度不同时，材料费需按市场价格水平根据不同间距进行换算"", ""price"": 172.688, ""source"": ""imported"", ""spec"": ""1、卡式主骨/U型50系列轻钢龙骨、50付骨、接头、吊杆\n2、面层材料：规格100*40mm*1.0mm厚（竖向）间距110mm\n3、安装固定等所有辅材"", ""status"": ""active"", ""subcategory"": """", ""subcontract_auxiliary_material_price"": 5.13514, ""subcontract_composite_price"": 172.688, ""subcontract_labor_price"": 18.6344, ""subcontract_main_material_price"": 148.919, ""unit"": ""㎡""}, ""right"": {""category"": ""第三章、天棚工程"", ""client_auxiliary_material_price"": 5.0, ""client_labor_price"": 18.144, ""client_main_material_price"": 131.0, ""client_tax_excluded_price"": 170.0, ""crew_benchmark_price"": 150.0, ""id"": 63, ""item_name"": ""天花单向铝格栅吊顶（1.0mm）"", ""notes"": ""编号: 3-33\n计算规则: 按实做面层面积计算\n工作内容: 1、基层清理\n2、安装龙骨\n3、基层板铺贴\n4、面层铺贴\n5、刷防护材料\n对甲备注: 当铝格栅规格厚度相同、间距不同时，材料费按26元/米换算；\n当铝格栅规格厚度不同时，材料费需按市场价格水平根据不同间距进行换算"", ""price"": 136.009, ""source"": ""imported"", ""spec"": ""1、卡式主骨/U型50系列轻钢龙骨、50付骨、接头、吊杆\n2、面层材料：规格130*70mm*1.0mm厚（竖向）间距120mm\n3、安装固定等所有辅材"", ""status"": ""active"", ""subcategory"": """", ""subcontract_auxiliary_material_price"": 4.41177, ""subcontract_composite_price"": 136.009, ""subcontract_labor_price"": 16.0094, ""subcontract_main_material_price"": 115.588, ""unit"": ""㎡""}, ""similarity"": 1.0}",请人工确认是否为合理拆分，或后续需要合并/补充规格说明。,cost_department,,
BIZ2T-0078,low,no,similar_active_items,62,"62,64",active,imported,天花单向铝格栅吊顶（0.8mm）,"1、卡式主骨/U型50系列轻钢龙骨、50付骨、接头、吊杆
2、面层材料：规格100*40mm*0.8mm厚（竖向）间距110mm
3、安装固定等所有辅材",㎡,154.508,0,,"{""left"": {""category"": ""第三章、天棚工程"", ""client_auxiliary_material_price"": 5.0, ""client_labor_price"": 18.144, ""client_main_material_price"": 135.0, ""client_tax_excluded_price"": 174.0, ""crew_benchmark_price"": 170.0, ""id"": 62, ""item_name"": ""天花单向铝格栅吊顶（0.8mm）"", ""notes"": ""编号: 3-32\n计算规则: 按实做面层面积计算\n工作内容: 1、基层清理\n2、安装龙骨\n3、基层板铺贴\n4、面层铺贴\n5、刷防护材料\n对甲备注: 当铝格栅规格厚度相同、间距不同时，材料费按21元/米换算；\n当铝格栅规格厚度不同时，材料费需按市场价格水平根据不同间距进行换算"", ""price"": 154.508, ""source"": ""imported"", ""spec"": ""1、卡式主骨/U型50系列轻钢龙骨、50付骨、接头、吊杆\n2、面层材料：规格100*40mm*0.8mm厚（竖向）间距110mm\n3、安装固定等所有辅材"", ""status"": ""active"", ""subcategory"": """", ""subcontract_auxiliary_material_price"": 4.88506, ""subcontract_composite_price"": 154.508, ""subcontract_labor_price"": 17.7269, ""subcontract_main_material_price"": 131.897, ""unit"": ""㎡""}, ""right"": {""category"": ""第三章、天棚工程"", ""client_auxiliary_material_price"": 5.0, ""client_labor_price"": 18.144, ""client_main_material_price"": 120.0, ""client_tax_excluded_price"": 157.0, ""crew_benchmark_price"": 140.0, ""id"": 64, ""item_name"": ""天花单向铝格栅吊顶（0.8mm）"", ""notes"": ""编号: 3-34\n计算规则: 按实做面层面积计算\n工作内容: 1、基层清理\n2、安装龙骨\n3、基层板铺贴\n4、面层铺贴\n5、刷防护材料\n对甲备注: 当铝格栅规格厚度相同、间距不同时，材料费按23元/米换算；\n当铝格栅规格厚度不同时，材料费需按市场价格水平根据不同间距进行换算"", ""price"": 127.644, ""source"": ""imported"", ""spec"": ""1、卡式主骨/U型50系列轻钢龙骨、50付骨、接头、吊杆\n2、面层材料：规格130*70mm*0.8mm厚（竖向）间距120mm\n3、安装固定等所有辅材"", ""status"": ""active"", ""subcategory"": """", ""subcontract_auxiliary_material_price"": 4.4586, ""subcontract_composite_price"": 127.644, ""subcontract_labor_price"": 16.1794, ""subcontract_main_material_price"": 107.006, ""unit"": ""㎡""}, ""similarity"": 1.0}",请人工确认是否为合理拆分，或后续需要合并/补充规格说明。,cost_department,,
BIZ2T-0079,low,no,similar_active_items,65,"65,66",active,imported,实木收口木饰面地脚线,"1、100mm高内
2、底层防潮，九厘板基层贴饰面板实木压条打磨刷清漆",m,23.0528,0,,"{""left"": {""category"": ""第四章、墙柱面工程"", ""client_auxiliary_material_price"": 1.5, ""client_labor_price"": 16.5088, ""client_main_material_price"": 10.5767, ""client_tax_excluded_price"": 31.0, ""crew_benchmark_price"": 25.0, ""id"": 65, ""item_name"": ""实木收口木饰面地脚线"", ""notes"": ""编号: 4-1\n计算规则: 按延长米计\n工作内容: 清理基层、铺防潮层，安装九厘板基层贴饰面板实木压条、清扫净面"", ""price"": 23.0528, ""source"": ""imported"", ""spec"": ""1、100mm高内\n2、底层防潮，九厘板基层贴饰面板实木压条打磨刷清漆"", ""status"": ""active"", ""subcategory"": """", ""subcontract_auxiliary_material_price"": 1.20968, ""subcontract_composite_price"": 23.0528, ""subcontract_labor_price"": 13.3135, ""subcontract_main_material_price"": 8.52958, ""unit"": ""m""}, ""right"": {""category"": ""第四章、墙柱面工程"", ""client_auxiliary_material_price"": 1.5, ""client_labor_price"": 16.5088, ""client_main_material_price"": 0.0, ""client_tax_excluded_price"": 20.0, ""crew_benchmark_price"": 15.0, ""id"": 66, ""item_name"": ""实木收口木饰面地脚线"", ""notes"": ""编号: 4-2\n计算规则: 按延长米计\n工作内容: 清理基层、铺防潮层，安装九厘板基层贴饰面板实木压条、清扫净面\n对甲备注: 实木脚线甲供"", ""price"": 13.5066, ""source"": ""imported"", ""spec"": ""1、100mm高内\n2、底层防潮，九厘板基层打底；\n3、安装甲供实木脚线"", ""status"": ""active"", ""subcategory"": """", ""subcontract_auxiliary_material_price"": 1.125, ""subcontract_composite_price"": 13.5066, ""subcontract_labor_price"": 12.3816, ""subcontract_main_material_price"": 0.0, ""unit"": ""m""}, ""similarity"": 1.0}",请人工确认是否为合理拆分，或后续需要合并/补充规格说明。,cost_department,,
BIZ2T-0080,low,no,similar_active_items,76,"76,77",active,imported,夹板基层0.8厚304＃不锈钢饰面（含防潮层）,"1、底层防潮，9厘板基层
2、贴304不锈钢板0.8mm厚
3、需刨坑折90度角的费用另计",㎡,236.236,0,,"{""left"": {""category"": ""第四章、墙柱面工程"", ""client_auxiliary_material_price"": 27.0, ""client_labor_price"": 63.184, ""client_main_material_price"": 218.74, ""client_tax_excluded_price"": 340.0, ""crew_benchmark_price"": 260.0, ""id"": 76, ""item_name"": ""夹板基层0.8厚304＃不锈钢饰面（含防潮层）"", ""notes"": ""编号: 4-12\n计算规则: 按实做面层面积计算\n工作内容: 定位、弹线、钉隔离层、清理基层、打胶、粘贴面层、清理净面等"", ""price"": 236.236, ""source"": ""imported"", ""spec"": ""1、底层防潮，9厘板基层\n2、贴304不锈钢板0.8mm厚\n3、需刨坑折90度角的费用另计"", ""status"": ""active"", ""subcategory"": """", ""subcontract_auxiliary_material_price"": 20.6471, ""subcontract_composite_price"": 236.236, ""subcontract_labor_price"": 48.3172, ""subcontract_main_material_price"": 167.272, ""unit"": ""㎡""}, ""right"": {""category"": ""第四章、墙柱面工程"", ""client_auxiliary_material_price"": 28.0, ""client_labor_price"": 63.536, ""client_main_material_price"": 246.96, ""client_tax_excluded_price"": 372.0, ""crew_benchmark_price"": 270.0, ""id"": 77, ""item_name"": ""夹板基层1.0厚304＃不锈钢饰面（含防潮层）"", ""notes"": ""编号: 4-13\n计算规则: 按实做面层面积计算\n工作内容: 定位、弹线、钉隔离层、清理基层、打胶、粘贴面层、清理净面等"", ""price"": 245.683, ""source"": ""imported"", ""spec"": ""1、底层防潮，9厘板基层\n2、贴304不锈钢板1.0mm厚\n3、需刨坑折90度角的费用另计"", ""status"": ""active"", ""subcategory"": """", ""subcontract_auxiliary_material_price"": 20.3226, ""subcontract_composite_price"": 245.683, ""subcontract_labor_price"": 46.1148, ""subcontract_main_material_price"": 179.245, ""unit"": ""㎡""}, ""similarity"": 0.9136}",请人工确认是否为合理拆分，或后续需要合并/补充规格说明。,cost_department,,
BIZ2T-0081,low,no,similar_active_items,76,"76,78",active,imported,夹板基层0.8厚304＃不锈钢饰面（含防潮层）,"1、底层防潮，9厘板基层
2、贴304不锈钢板0.8mm厚
3、需刨坑折90度角的费用另计",㎡,236.236,0,,"{""left"": {""category"": ""第四章、墙柱面工程"", ""client_auxiliary_material_price"": 27.0, ""client_labor_price"": 63.184, ""client_main_material_price"": 218.74, ""client_tax_excluded_price"": 340.0, ""crew_benchmark_price"": 260.0, ""id"": 76, ""item_name"": ""夹板基层0.8厚304＃不锈钢饰面（含防潮层）"", ""notes"": ""编号: 4-12\n计算规则: 按实做面层面积计算\n工作内容: 定位、弹线、钉隔离层、清理基层、打胶、粘贴面层、清理净面等"", ""price"": 236.236, ""source"": ""imported"", ""spec"": ""1、底层防潮，9厘板基层\n2、贴304不锈钢板0.8mm厚\n3、需刨坑折90度角的费用另计"", ""status"": ""active"", ""subcategory"": """", ""subcontract_auxiliary_material_price"": 20.6471, ""subcontract_composite_price"": 236.236, ""subcontract_labor_price"": 48.3172, ""subcontract_main_material_price"": 167.272, ""unit"": ""㎡""}, ""right"": {""category"": ""第四章、墙柱面工程"", ""client_auxiliary_material_price"": 28.0, ""client_labor_price"": 64.24, ""client_main_material_price"": 290.47, ""client_tax_excluded_price"": 421.0, ""crew_benchmark_price"": 330.0, ""id"": 78, ""item_name"": ""夹板基层1.2厚304＃不锈钢饰面（含防潮层）"", ""notes"": ""编号: 4-14\n计算规则: 按实做面层面积计算\n工作内容: 定位、弹线、钉隔离层、清理基层、打胶、粘贴面层、清理净面等"", ""price"": 299.986, ""source"": ""imported"", ""spec"": ""1、底层防潮，9厘板基层\n2、贴304不锈钢板1.2mm厚\n3、需刨坑折90度角的费用另计"", ""status"": ""active"", ""subcategory"": """", ""subcontract_auxiliary_material_price"": 21.9477, ""subcontract_composite_price"": 299.986, ""subcontract_labor_price"": 50.3544, ""subcontract_main_material_price"": 227.684, ""unit"": ""㎡""}, ""similarity"": 0.9136}",请人工确认是否为合理拆分，或后续需要合并/补充规格说明。,cost_department,,
BIZ2T-0082,low,no,similar_active_items,77,"77,78",active,imported,夹板基层1.0厚304＃不锈钢饰面（含防潮层）,"1、底层防潮，9厘板基层
2、贴304不锈钢板1.0mm厚
3、需刨坑折90度角的费用另计",㎡,245.683,0,,"{""left"": {""category"": ""第四章、墙柱面工程"", ""client_auxiliary_material_price"": 28.0, ""client_labor_price"": 63.536, ""client_main_material_price"": 246.96, ""client_tax_excluded_price"": 372.0, ""crew_benchmark_price"": 270.0, ""id"": 77, ""item_name"": ""夹板基层1.0厚304＃不锈钢饰面（含防潮层）"", ""notes"": ""编号: 4-13\n计算规则: 按实做面层面积计算\n工作内容: 定位、弹线、钉隔离层、清理基层、打胶、粘贴面层、清理净面等"", ""price"": 245.683, ""source"": ""imported"", ""spec"": ""1、底层防潮，9厘板基层\n2、贴304不锈钢板1.0mm厚\n3、需刨坑折90度角的费用另计"", ""status"": ""active"", ""subcategory"": """", ""subcontract_auxiliary_material_price"": 20.3226, ""subcontract_composite_price"": 245.683, ""subcontract_labor_price"": 46.1148, ""subcontract_main_material_price"": 179.245, ""unit"": ""㎡""}, ""right"": {""category"": ""第四章、墙柱面工程"", ""client_auxiliary_material_price"": 28.0, ""client_labor_price"": 64.24, ""client_main_material_price"": 290.47, ""client_tax_excluded_price"": 421.0, ""crew_benchmark_price"": 330.0, ""id"": 78, ""item_name"": ""夹板基层1.2厚304＃不锈钢饰面（含防潮层）"", ""notes"": ""编号: 4-14\n计算规则: 按实做面层面积计算\n工作内容: 定位、弹线、钉隔离层、清理基层、打胶、粘贴面层、清理净面等"", ""price"": 299.986, ""source"": ""imported"", ""spec"": ""1、底层防潮，9厘板基层\n2、贴304不锈钢板1.2mm厚\n3、需刨坑折90度角的费用另计"", ""status"": ""active"", ""subcategory"": """", ""subcontract_auxiliary_material_price"": 21.9477, ""subcontract_composite_price"": 299.986, ""subcontract_labor_price"": 50.3544, ""subcontract_main_material_price"": 227.684, ""unit"": ""㎡""}, ""similarity"": 0.9568}",请人工确认是否为合理拆分，或后续需要合并/补充规格说明。,cost_department,,
BIZ2T-0083,low,no,similar_active_items,77,"77,79",active,imported,夹板基层1.0厚304＃不锈钢饰面（含防潮层）,"1、底层防潮，9厘板基层
2、贴304不锈钢板1.0mm厚
3、需刨坑折90度角的费用另计",㎡,245.683,0,,"{""left"": {""category"": ""第四章、墙柱面工程"", ""client_auxiliary_material_price"": 28.0, ""client_labor_price"": 63.536, ""client_main_material_price"": 246.96, ""client_tax_excluded_price"": 372.0, ""crew_benchmark_price"": 270.0, ""id"": 77, ""item_name"": ""夹板基层1.0厚304＃不锈钢饰面（含防潮层）"", ""notes"": ""编号: 4-13\n计算规则: 按实做面层面积计算\n工作内容: 定位、弹线、钉隔离层、清理基层、打胶、粘贴面层、清理净面等"", ""price"": 245.683, ""source"": ""imported"", ""spec"": ""1、底层防潮，9厘板基层\n2、贴304不锈钢板1.0mm厚\n3、需刨坑折90度角的费用另计"", ""status"": ""active"", ""subcategory"": """", ""subcontract_auxiliary_material_price"": 20.3226, ""subcontract_composite_price"": 245.683, ""subcontract_labor_price"": 46.1148, ""subcontract_main_material_price"": 179.245, ""unit"": ""㎡""}, ""right"": {""category"": ""第四章、墙柱面工程"", ""client_auxiliary_material_price"": 28.0, ""client_labor_price"": 63.536, ""client_main_material_price"": 321.32, ""client_tax_excluded_price"": 454.0, ""crew_benchmark_price"": 345.0, ""id"": 79, ""item_name"": ""夹板基层1.0厚黑色304＃不锈钢饰面（含防潮层）"", ""notes"": ""编号: 4-15\n计算规则: 按实做面层面积计算\n工作内容: 定位、弹线、钉隔离层、清理基层、打胶、粘贴面层、清理净面等"", ""price"": 313.734, ""source"": ""imported"", ""spec"": ""1、底层防潮，9厘板基层\n2、贴304黑色不锈钢板1.0mm厚\n3、需刨坑折90度角的费用另计"", ""status"": ""active"", ""subcategory"": """", ""subcontract_auxiliary_material_price"": 21.2775, ""subcontract_composite_price"": 313.734, ""subcontract_labor_price"": 48.2818, ""subcontract_main_material_price"": 244.175, ""unit"": ""㎡""}, ""similarity"": 0.9586}",请人工确认是否为合理拆分，或后续需要合并/补充规格说明。,cost_department,,
BIZ2T-0084,low,no,similar_active_items,77,"77,80",active,imported,夹板基层1.0厚304＃不锈钢饰面（含防潮层）,"1、底层防潮，9厘板基层
2、贴304不锈钢板1.0mm厚
3、需刨坑折90度角的费用另计",㎡,245.683,0,,"{""left"": {""category"": ""第四章、墙柱面工程"", ""client_auxiliary_material_price"": 28.0, ""client_labor_price"": 63.536, ""client_main_material_price"": 246.96, ""client_tax_excluded_price"": 372.0, ""crew_benchmark_price"": 270.0, ""id"": 77, ""item_name"": ""夹板基层1.0厚304＃不锈钢饰面（含防潮层）"", ""notes"": ""编号: 4-13\n计算规则: 按实做面层面积计算\n工作内容: 定位、弹线、钉隔离层、清理基层、打胶、粘贴面层、清理净面等"", ""price"": 245.683, ""source"": ""imported"", ""spec"": ""1、底层防潮，9厘板基层\n2、贴304不锈钢板1.0mm厚\n3、需刨坑折90度角的费用另计"", ""status"": ""active"", ""subcategory"": """", ""subcontract_auxiliary_material_price"": 20.3226, ""subcontract_composite_price"": 245.683, ""subcontract_labor_price"": 46.1148, ""subcontract_main_material_price"": 179.245, ""unit"": ""㎡""}, ""right"": {""category"": ""第四章、墙柱面工程"", ""client_auxiliary_material_price"": 28.0, ""client_labor_price"": 62.744, ""client_main_material_price"": 375.81, ""client_tax_excluded_price"": 513.0, ""crew_benchmark_price"": 380.0, ""id"": 80, ""item_name"": ""夹板基层1.2厚黑色304＃不锈钢饰面（含防潮层）"", ""notes"": ""编号: 4-16\n计算规则: 按实做面层面积计算\n工作内容: 定位、弹线、钉隔离层、清理基层、打胶、粘贴面层、清理净面等"", ""price"": 345.596, ""source"": ""imported"", ""spec"": ""1、底层防潮，9厘板基层\n2、贴304黑色不锈钢板1.2mm厚\n3、需刨坑折90度角的费用另计"", ""status"": ""active"", ""subcategory"": """", ""subcontract_auxiliary_material_price"": 20.7407, ""subcontract_composite_price"": 345.596, ""subcontract_labor_price"": 46.477, ""subcontract_main_material_price"": 278.378, ""unit"": ""㎡""}, ""similarity"": 0.9173}",请人工确认是否为合理拆分，或后续需要合并/补充规格说明。,cost_department,,
BIZ2T-0085,low,no,similar_active_items,78,"78,79",active,imported,夹板基层1.2厚304＃不锈钢饰面（含防潮层）,"1、底层防潮，9厘板基层
2、贴304不锈钢板1.2mm厚
3、需刨坑折90度角的费用另计",㎡,299.986,0,,"{""left"": {""category"": ""第四章、墙柱面工程"", ""client_auxiliary_material_price"": 28.0, ""client_labor_price"": 64.24, ""client_main_material_price"": 290.47, ""client_tax_excluded_price"": 421.0, ""crew_benchmark_price"": 330.0, ""id"": 78, ""item_name"": ""夹板基层1.2厚304＃不锈钢饰面（含防潮层）"", ""notes"": ""编号: 4-14\n计算规则: 按实做面层面积计算\n工作内容: 定位、弹线、钉隔离层、清理基层、打胶、粘贴面层、清理净面等"", ""price"": 299.986, ""source"": ""imported"", ""spec"": ""1、底层防潮，9厘板基层\n2、贴304不锈钢板1.2mm厚\n3、需刨坑折90度角的费用另计"", ""status"": ""active"", ""subcategory"": """", ""subcontract_auxiliary_material_price"": 21.9477, ""subcontract_composite_price"": 299.986, ""subcontract_labor_price"": 50.3544, ""subcontract_main_material_price"": 227.684, ""unit"": ""㎡""}, ""right"": {""category"": ""第四章、墙柱面工程"", ""client_auxiliary_material_price"": 28.0, ""client_labor_price"": 63.536, ""client_main_material_price"": 321.32, ""client_tax_excluded_price"": 454.0, ""crew_benchmark_price"": 345.0, ""id"": 79, ""item_name"": ""夹板基层1.0厚黑色304＃不锈钢饰面（含防潮层）"", ""notes"": ""编号: 4-15\n计算规则: 按实做面层面积计算\n工作内容: 定位、弹线、钉隔离层、清理基层、打胶、粘贴面层、清理净面等"", ""price"": 313.734, ""source"": ""imported"", ""spec"": ""1、底层防潮，9厘板基层\n2、贴304黑色不锈钢板1.0mm厚\n3、需刨坑折90度角的费用另计"", ""status"": ""active"", ""subcategory"": """", ""subcontract_auxiliary_material_price"": 21.2775, ""subcontract_composite_price"": 313.734, ""subcontract_labor_price"": 48.2818, ""subcontract_main_material_price"": 244.175, ""unit"": ""㎡""}, ""similarity"": 0.9173}",请人工确认是否为合理拆分，或后续需要合并/补充规格说明。,cost_department,,
BIZ2T-0086,low,no,similar_active_items,78,"78,80",active,imported,夹板基层1.2厚304＃不锈钢饰面（含防潮层）,"1、底层防潮，9厘板基层
2、贴304不锈钢板1.2mm厚
3、需刨坑折90度角的费用另计",㎡,299.986,0,,"{""left"": {""category"": ""第四章、墙柱面工程"", ""client_auxiliary_material_price"": 28.0, ""client_labor_price"": 64.24, ""client_main_material_price"": 290.47, ""client_tax_excluded_price"": 421.0, ""crew_benchmark_price"": 330.0, ""id"": 78, ""item_name"": ""夹板基层1.2厚304＃不锈钢饰面（含防潮层）"", ""notes"": ""编号: 4-14\n计算规则: 按实做面层面积计算\n工作内容: 定位、弹线、钉隔离层、清理基层、打胶、粘贴面层、清理净面等"", ""price"": 299.986, ""source"": ""imported"", ""spec"": ""1、底层防潮，9厘板基层\n2、贴304不锈钢板1.2mm厚\n3、需刨坑折90度角的费用另计"", ""status"": ""active"", ""subcategory"": """", ""subcontract_auxiliary_material_price"": 21.9477, ""subcontract_composite_price"": 299.986, ""subcontract_labor_price"": 50.3544, ""subcontract_main_material_price"": 227.684, ""unit"": ""㎡""}, ""right"": {""category"": ""第四章、墙柱面工程"", ""client_auxiliary_material_price"": 28.0, ""client_labor_price"": 62.744, ""client_main_material_price"": 375.81, ""client_tax_excluded_price"": 513.0, ""crew_benchmark_price"": 380.0, ""id"": 80, ""item_name"": ""夹板基层1.2厚黑色304＃不锈钢饰面（含防潮层）"", ""notes"": ""编号: 4-16\n计算规则: 按实做面层面积计算\n工作内容: 定位、弹线、钉隔离层、清理基层、打胶、粘贴面层、清理净面等"", ""price"": 345.596, ""source"": ""imported"", ""spec"": ""1、底层防潮，9厘板基层\n2、贴304黑色不锈钢板1.2mm厚\n3、需刨坑折90度角的费用另计"", ""status"": ""active"", ""subcategory"": """", ""subcontract_auxiliary_material_price"": 20.7407, ""subcontract_composite_price"": 345.596, ""subcontract_labor_price"": 46.477, ""subcontract_main_material_price"": 278.378, ""unit"": ""㎡""}, ""similarity"": 0.9586}",请人工确认是否为合理拆分，或后续需要合并/补充规格说明。,cost_department,,
BIZ2T-0087,low,no,similar_active_items,79,"79,80",active,imported,夹板基层1.0厚黑色304＃不锈钢饰面（含防潮层）,"1、底层防潮，9厘板基层
2、贴304黑色不锈钢板1.0mm厚
3、需刨坑折90度角的费用另计",㎡,313.734,0,,"{""left"": {""category"": ""第四章、墙柱面工程"", ""client_auxiliary_material_price"": 28.0, ""client_labor_price"": 63.536, ""client_main_material_price"": 321.32, ""client_tax_excluded_price"": 454.0, ""crew_benchmark_price"": 345.0, ""id"": 79, ""item_name"": ""夹板基层1.0厚黑色304＃不锈钢饰面（含防潮层）"", ""notes"": ""编号: 4-15\n计算规则: 按实做面层面积计算\n工作内容: 定位、弹线、钉隔离层、清理基层、打胶、粘贴面层、清理净面等"", ""price"": 313.734, ""source"": ""imported"", ""spec"": ""1、底层防潮，9厘板基层\n2、贴304黑色不锈钢板1.0mm厚\n3、需刨坑折90度角的费用另计"", ""status"": ""active"", ""subcategory"": """", ""subcontract_auxiliary_material_price"": 21.2775, ""subcontract_composite_price"": 313.734, ""subcontract_labor_price"": 48.2818, ""subcontract_main_material_price"": 244.175, ""unit"": ""㎡""}, ""right"": {""category"": ""第四章、墙柱面工程"", ""client_auxiliary_material_price"": 28.0, ""client_labor_price"": 62.744, ""client_main_material_price"": 375.81, ""client_tax_excluded_price"": 513.0, ""crew_benchmark_price"": 380.0, ""id"": 80, ""item_name"": ""夹板基层1.2厚黑色304＃不锈钢饰面（含防潮层）"", ""notes"": ""编号: 4-16\n计算规则: 按实做面层面积计算\n工作内容: 定位、弹线、钉隔离层、清理基层、打胶、粘贴面层、清理净面等"", ""price"": 345.596, ""source"": ""imported"", ""spec"": ""1、底层防潮，9厘板基层\n2、贴304黑色不锈钢板1.2mm厚\n3、需刨坑折90度角的费用另计"", ""status"": ""active"", ""subcategory"": """", ""subcontract_auxiliary_material_price"": 20.7407, ""subcontract_composite_price"": 345.596, ""subcontract_labor_price"": 46.477, ""subcontract_main_material_price"": 278.378, ""unit"": ""㎡""}, ""similarity"": 0.9603}",请人工确认是否为合理拆分，或后续需要合并/补充规格说明。,cost_department,,
BIZ2T-0088,low,no,similar_active_items,84,"84,85",active,imported,单层轻钢龙骨双面12mm石膏板间120mm墙（龙骨间距不大于300*600）,"1、轻钢龙骨为U100
2、双面2440*1220*12mm厚龙牌/可耐福/拉法基石膏板",㎡,90.7782,0,,"{""left"": {""category"": ""第四章、墙柱面工程"", ""client_auxiliary_material_price"": 3.5, ""client_labor_price"": 65.472, ""client_main_material_price"": 49.9474, ""client_tax_excluded_price"": 131.0, ""crew_benchmark_price"": 100.0, ""id"": 84, ""item_name"": ""单层轻钢龙骨双面12mm石膏板间120mm墙（龙骨间距不大于300*600）"", ""notes"": ""编号: 4-20\n计算规则: 按实做面层面积计算\n工作内容: 定位，弹线，安装骨架，刷防腐油，铺钉面板\n对甲备注: 石棉隔音每平方加25元"", ""price"": 90.7782, ""source"": ""imported"", ""spec"": ""1、轻钢龙骨为U100\n2、双面2440*1220*12mm厚龙牌/可耐福/拉法基石膏板"", ""status"": ""active"", ""subcategory"": """", ""subcontract_auxiliary_material_price"": 2.67176, ""subcontract_composite_price"": 90.7782, ""subcontract_labor_price"": 49.9786, ""subcontract_main_material_price"": 38.1278, ""unit"": ""㎡""}, ""right"": {""category"": ""第四章、墙柱面工程"", ""client_auxiliary_material_price"": 3.5, ""client_labor_price"": 73.8053, ""client_main_material_price"": 62.4474, ""client_tax_excluded_price"": 154.0, ""crew_benchmark_price"": 125.0, ""id"": 85, ""item_name"": ""单层轻钢龙骨双面12mm石膏板间120mm墙（龙骨间距不大于300*600）含隔音棉"", ""notes"": ""编号: 4-20a\n计算规则: 按实做面层面积计算\n工作内容: 定位，弹线，安装骨架，刷防腐油，铺钉面板"", ""price"": 113.436, ""source"": ""imported"", ""spec"": ""1、轻钢龙骨为U100\n2、双面2440*1220*12mm厚龙牌/可耐福/拉法基石膏板                                            3、石棉隔音"", ""status"": ""active"", ""subcategory"": """", ""subcontract_auxiliary_material_price"": 2.84091, ""subcontract_composite_price"": 113.436, ""subcontract_labor_price"": 59.9069, ""subcontract_main_material_price"": 50.6878, ""unit"": ""㎡""}, ""similarity"": 0.9474}",请人工确认是否为合理拆分，或后续需要合并/补充规格说明。,cost_department,,
BIZ2T-0089,low,no,similar_active_items,86,"86,87",active,imported,墙面木龙骨封9mm夹板,"1、木龙骨
2、单面9厘夹板
3、含刷防火漆及防腐处理",㎡,59.297,0,,"{""left"": {""category"": ""第四章、墙柱面工程"", ""client_auxiliary_material_price"": 1.5, ""client_labor_price"": 40.48, ""client_main_material_price"": 34.65, ""client_tax_excluded_price"": 84.0, ""crew_benchmark_price"": 65.0, ""id"": 86, ""item_name"": ""墙面木龙骨封9mm夹板"", ""notes"": ""编号: 4-21\n计算规则: 按实做面层面积计算\n工作内容: 定位、下料、打眼剔洞、埋木砖、安装龙骨、刷防腐油，贴封夹板层\n对甲备注: 批量封板（90元/㎡），采用12厘夹板综合单价加10元/㎡\n劳务备注: 批量封板综合单价（87元/㎡），采用12厘夹板综合单价加10元/㎡"", ""price"": 59.297, ""source"": ""imported"", ""spec"": ""1、木龙骨\n2、单面9厘夹板\n3、含刷防火漆及防腐处理"", ""status"": ""active"", ""subcategory"": """", ""subcontract_auxiliary_material_price"": 1.16071, ""subcontract_composite_price"": 59.297, ""subcontract_labor_price"": 31.3238, ""subcontract_main_material_price"": 26.8125, ""unit"": ""㎡""}, ""right"": {""category"": ""第四章、墙柱面工程"", ""client_auxiliary_material_price"": 1.5, ""client_labor_price"": 40.48, ""client_main_material_price"": 42.9833, ""client_tax_excluded_price"": 93.0, ""crew_benchmark_price"": 75.0, ""id"": 87, ""item_name"": ""墙面木龙骨封12mm夹板"", ""notes"": ""编号: 4-21a\n计算规则: 按实做面层面积计算\n工作内容: 定位、下料、打眼剔洞、埋木砖、安装龙骨、刷防腐油，贴封夹板层"", ""price"": 68.5188, ""source"": ""imported"", ""spec"": ""1、木龙骨\n2、单面9厘夹板\n3、含刷防火漆及防腐处理"", ""status"": ""active"", ""subcategory"": """", ""subcontract_auxiliary_material_price"": 1.20968, ""subcontract_composite_price"": 68.5188, ""subcontract_labor_price"": 32.6452, ""subcontract_main_material_price"": 34.664, ""unit"": ""㎡""}, ""similarity"": 0.8957}",请人工确认是否为合理拆分，或后续需要合并/补充规格说明。,cost_department,,
BIZ2T-0090,low,no,similar_active_items,86,"86,88",active,imported,墙面木龙骨封9mm夹板,"1、木龙骨
2、单面9厘夹板
3、含刷防火漆及防腐处理",㎡,59.297,0,,"{""left"": {""category"": ""第四章、墙柱面工程"", ""client_auxiliary_material_price"": 1.5, ""client_labor_price"": 40.48, ""client_main_material_price"": 34.65, ""client_tax_excluded_price"": 84.0, ""crew_benchmark_price"": 65.0, ""id"": 86, ""item_name"": ""墙面木龙骨封9mm夹板"", ""notes"": ""编号: 4-21\n计算规则: 按实做面层面积计算\n工作内容: 定位、下料、打眼剔洞、埋木砖、安装龙骨、刷防腐油，贴封夹板层\n对甲备注: 批量封板（90元/㎡），采用12厘夹板综合单价加10元/㎡\n劳务备注: 批量封板综合单价（87元/㎡），采用12厘夹板综合单价加10元/㎡"", ""price"": 59.297, ""source"": ""imported"", ""spec"": ""1、木龙骨\n2、单面9厘夹板\n3、含刷防火漆及防腐处理"", ""status"": ""active"", ""subcategory"": """", ""subcontract_auxiliary_material_price"": 1.16071, ""subcontract_composite_price"": 59.297, ""subcontract_labor_price"": 31.3238, ""subcontract_main_material_price"": 26.8125, ""unit"": ""㎡""}, ""right"": {""category"": ""第四章、墙柱面工程"", ""client_auxiliary_material_price"": 1.5, ""client_labor_price"": 36.3133, ""client_main_material_price"": 34.65, ""client_tax_excluded_price"": 90.0, ""crew_benchmark_price"": 82.0, ""id"": 88, ""item_name"": ""墙面木龙骨封9mm夹板（批量）"", ""notes"": ""编号: 4-21b\n计算规则: 按实做面层面积计算\n工作内容: 定位、下料、打眼剔洞、埋木砖、安装龙骨、刷防腐油，贴封夹板层"", ""price"": 66.0221, ""source"": ""imported"", ""spec"": ""1、木龙骨\n2、单面9厘夹板\n3、含刷防火漆及防腐处理"", ""status"": ""active"", ""subcategory"": """", ""subcontract_auxiliary_material_price"": 1.36667, ""subcontract_composite_price"": 66.0221, ""subcontract_labor_price"": 33.0855, ""subcontract_main_material_price"": 31.57, ""unit"": ""㎡""}, ""similarity"": 0.9333}",请人工确认是否为合理拆分，或后续需要合并/补充规格说明。,cost_department,,
BIZ2T-0091,low,no,similar_active_items,87,"87,89",active,imported,墙面木龙骨封12mm夹板,"1、木龙骨
2、单面9厘夹板
3、含刷防火漆及防腐处理",㎡,68.5188,0,,"{""left"": {""category"": ""第四章、墙柱面工程"", ""client_auxiliary_material_price"": 1.5, ""client_labor_price"": 40.48, ""client_main_material_price"": 42.9833, ""client_tax_excluded_price"": 93.0, ""crew_benchmark_price"": 75.0, ""id"": 87, ""item_name"": ""墙面木龙骨封12mm夹板"", ""notes"": ""编号: 4-21a\n计算规则: 按实做面层面积计算\n工作内容: 定位、下料、打眼剔洞、埋木砖、安装龙骨、刷防腐油，贴封夹板层"", ""price"": 68.5188, ""source"": ""imported"", ""spec"": ""1、木龙骨\n2、单面9厘夹板\n3、含刷防火漆及防腐处理"", ""status"": ""active"", ""subcategory"": """", ""subcontract_auxiliary_material_price"": 1.20968, ""subcontract_composite_price"": 68.5188, ""subcontract_labor_price"": 32.6452, ""subcontract_main_material_price"": 34.664, ""unit"": ""㎡""}, ""right"": {""category"": ""第四章、墙柱面工程"", ""client_auxiliary_material_price"": 1.5, ""client_labor_price"": 36.3133, ""client_main_material_price"": 42.9833, ""client_tax_excluded_price"": 100.0, ""crew_benchmark_price"": 92.0, ""id"": 89, ""item_name"": ""墙面木龙骨封12mm夹板（批量）"", ""notes"": ""编号: 4-21c\n计算规则: 按实做面层面积计算\n工作内容: 定位、下料、打眼剔洞、埋木砖、安装龙骨、刷防腐油，贴封夹板层"", ""price"": 74.3329, ""source"": ""imported"", ""spec"": ""1、木龙骨\n2、单面9厘夹板\n3、含刷防火漆及防腐处理"", ""status"": ""active"", ""subcategory"": """", ""subcontract_auxiliary_material_price"": 1.38, ""subcontract_composite_price"": 74.3329, ""subcontract_labor_price"": 33.4083, ""subcontract_main_material_price"": 39.5447, ""unit"": ""㎡""}, ""similarity"": 0.9385}",请人工确认是否为合理拆分，或后续需要合并/补充规格说明。,cost_department,,
BIZ2T-0092,low,no,similar_active_items,88,"88,89",active,imported,墙面木龙骨封9mm夹板（批量）,"1、木龙骨
2、单面9厘夹板
3、含刷防火漆及防腐处理",㎡,66.0221,0,,"{""left"": {""category"": ""第四章、墙柱面工程"", ""client_auxiliary_material_price"": 1.5, ""client_labor_price"": 36.3133, ""client_main_material_price"": 34.65, ""client_tax_excluded_price"": 90.0, ""crew_benchmark_price"": 82.0, ""id"": 88, ""item_name"": ""墙面木龙骨封9mm夹板（批量）"", ""notes"": ""编号: 4-21b\n计算规则: 按实做面层面积计算\n工作内容: 定位、下料、打眼剔洞、埋木砖、安装龙骨、刷防腐油，贴封夹板层"", ""price"": 66.0221, ""source"": ""imported"", ""spec"": ""1、木龙骨\n2、单面9厘夹板\n3、含刷防火漆及防腐处理"", ""status"": ""active"", ""subcategory"": """", ""subcontract_auxiliary_material_price"": 1.36667, ""subcontract_composite_price"": 66.0221, ""subcontract_labor_price"": 33.0855, ""subcontract_main_material_price"": 31.57, ""unit"": ""㎡""}, ""right"": {""category"": ""第四章、墙柱面工程"", ""client_auxiliary_material_price"": 1.5, ""client_labor_price"": 36.3133, ""client_main_material_price"": 42.9833, ""client_tax_excluded_price"": 100.0, ""crew_benchmark_price"": 92.0, ""id"": 89, ""item_name"": ""墙面木龙骨封12mm夹板（批量）"", ""notes"": ""编号: 4-21c\n计算规则: 按实做面层面积计算\n工作内容: 定位、下料、打眼剔洞、埋木砖、安装龙骨、刷防腐油，贴封夹板层"", ""price"": 74.3329, ""source"": ""imported"", ""spec"": ""1、木龙骨\n2、单面9厘夹板\n3、含刷防火漆及防腐处理"", ""status"": ""active"", ""subcategory"": """", ""subcontract_auxiliary_material_price"": 1.38, ""subcontract_composite_price"": 74.3329, ""subcontract_labor_price"": 33.4083, ""subcontract_main_material_price"": 39.5447, ""unit"": ""㎡""}, ""similarity"": 0.9111}",请人工确认是否为合理拆分，或后续需要合并/补充规格说明。,cost_department,,
BIZ2T-0093,low,no,similar_active_items,91,"91,92",active,imported,墙面扪布、皮制安 硬扪,"1、9厘夹板基层含龙骨
2、12厘阻燃夹板
3、现场扪布制作，扪布、皮甲供
4、安装到位，
5、含找平夹板基层",㎡,172.888,0,,"{""left"": {""category"": ""第四章、墙柱面工程"", ""client_auxiliary_material_price"": 62.6985, ""client_labor_price"": 109.28, ""client_main_material_price"": null, ""client_tax_excluded_price"": 189.0, ""crew_benchmark_price"": 190.0, ""id"": 91, ""item_name"": ""墙面扪布、皮制安 硬扪"", ""notes"": ""编号: 4-23\n计算规则: 按实做面层面积计算\n工作内容: 衬板开料加工，扪布、皮制作，弹线、试安装软包夹板模等\n对甲备注: 1、扪布、皮甲供\n2、如供应商合同价中已包含扪布制作与安装（及相关辅材时），需扣除相应费用。"", ""price"": 172.888, ""source"": ""imported"", ""spec"": ""1、9厘夹板基层含龙骨\n2、12厘阻燃夹板\n3、现场扪布制作，扪布、皮甲供\n4、安装到位，\n5、含找平夹板基层"", ""status"": ""active"", ""subcategory"": """", ""subcontract_auxiliary_material_price"": 63.0302, ""subcontract_composite_price"": 172.888, ""subcontract_labor_price"": 109.858, ""subcontract_main_material_price"": 0.0, ""unit"": ""㎡""}, ""right"": {""category"": ""第四章、墙柱面工程"", ""client_auxiliary_material_price"": 78.6985, ""client_labor_price"": 119.28, ""client_main_material_price"": null, ""client_tax_excluded_price"": 218.0, ""crew_benchmark_price"": 200.0, ""id"": 92, ""item_name"": ""墙面扪布、皮制安 软扪"", ""notes"": ""编号: 4-24\n计算规则: 按实做面层面积计算\n工作内容: 衬板开料加工，扪布、皮制作，弹线、试安装软包夹板模等\n对甲备注: 1、扪布、皮甲供\n2、如供应商合同价中已包含扪布制作与安装（及相关辅材时），需扣除相应费用。"", ""price"": 181.632, ""source"": ""imported"", ""spec"": ""1、9厘夹板基层含龙骨\n2、9厘夹板衬板、边框制作\n3、现场扪布制作，含海棉，扪布、皮甲供\n4、安装到位，\n5、含找平夹板基层"", ""status"": ""active"", ""subcategory"": """", ""subcontract_auxiliary_material_price"": 72.2005, ""subcontract_composite_price"": 181.632, ""subcontract_labor_price"": 109.431, ""subcontract_main_material_price"": 0.0, ""unit"": ""㎡""}, ""similarity"": 0.8889}",请人工确认是否为合理拆分，或后续需要合并/补充规格说明。,cost_department,,
BIZ2T-0094,low,no,similar_active_items,96,"96,97",active,imported,不锈钢线条安装人工（含辅材）,展开50mm宽以下,m,10.7143,0,,"{""left"": {""category"": ""第四章、墙柱面工程"", ""client_auxiliary_material_price"": null, ""client_labor_price"": 12.5, ""client_main_material_price"": null, ""client_tax_excluded_price"": 14.0, ""crew_benchmark_price"": 12.0, ""id"": 96, ""item_name"": ""不锈钢线条安装人工（含辅材）"", ""notes"": ""编号: 4-29a\n工作内容: 定位、弹线、钉隔离层、清理基层、打胶、粘贴面层、清理净面等"", ""price"": 10.7143, ""source"": ""imported"", ""spec"": ""展开50mm宽以下"", ""status"": ""active"", ""subcategory"": """", ""subcontract_auxiliary_material_price"": 0.0, ""subcontract_composite_price"": 10.7143, ""subcontract_labor_price"": 10.7143, ""subcontract_main_material_price"": 0.0, ""unit"": ""m""}, ""right"": {""category"": ""第四章、墙柱面工程"", ""client_auxiliary_material_price"": null, ""client_labor_price"": 14.1667, ""client_main_material_price"": null, ""client_tax_excluded_price"": 16.0, ""crew_benchmark_price"": 15.0, ""id"": 97, ""item_name"": ""不锈钢线条安装人工（含辅材）"", ""notes"": ""编号: 4-29b\n工作内容: 定位、弹线、钉隔离层、清理基层、打胶、粘贴面层、清理净面等"", ""price"": 13.2812, ""source"": ""imported"", ""spec"": ""开50mm（含50mm宽）-150mm宽（含150mm宽）"", ""status"": ""active"", ""subcategory"": """", ""subcontract_auxiliary_material_price"": 0.0, ""subcontract_composite_price"": 13.2812, ""subcontract_labor_price"": 13.2812, ""subcontract_main_material_price"": 0.0, ""unit"": ""m""}, ""similarity"": 1.0}",请人工确认是否为合理拆分，或后续需要合并/补充规格说明。,cost_department,,
BIZ2T-0095,low,no,similar_active_items,96,"96,98",active,imported,不锈钢线条安装人工（含辅材）,展开50mm宽以下,m,10.7143,0,,"{""left"": {""category"": ""第四章、墙柱面工程"", ""client_auxiliary_material_price"": null, ""client_labor_price"": 12.5, ""client_main_material_price"": null, ""client_tax_excluded_price"": 14.0, ""crew_benchmark_price"": 12.0, ""id"": 96, ""item_name"": ""不锈钢线条安装人工（含辅材）"", ""notes"": ""编号: 4-29a\n工作内容: 定位、弹线、钉隔离层、清理基层、打胶、粘贴面层、清理净面等"", ""price"": 10.7143, ""source"": ""imported"", ""spec"": ""展开50mm宽以下"", ""status"": ""active"", ""subcategory"": """", ""subcontract_auxiliary_material_price"": 0.0, ""subcontract_composite_price"": 10.7143, ""subcontract_labor_price"": 10.7143, ""subcontract_main_material_price"": 0.0, ""unit"": ""m""}, ""right"": {""category"": ""第四章、墙柱面工程"", ""client_auxiliary_material_price"": null, ""client_labor_price"": 16.6667, ""client_main_material_price"": null, ""client_tax_excluded_price"": 18.0, ""crew_benchmark_price"": 20.0, ""id"": 98, ""item_name"": ""不锈钢线条安装人工（含辅材）"", ""notes"": ""编号: 4-29c\n工作内容: 定位、弹线、钉隔离层、清理基层、打胶、粘贴面层、清理净面等"", ""price"": 18.5185, ""source"": ""imported"", ""spec"": ""150-200mm宽以内（含200mm宽）"", ""status"": ""active"", ""subcategory"": """", ""subcontract_auxiliary_material_price"": 0.0, ""subcontract_composite_price"": 18.5185, ""subcontract_labor_price"": 18.5185, ""subcontract_main_material_price"": 0.0, ""unit"": ""m""}, ""similarity"": 1.0}",请人工确认是否为合理拆分，或后续需要合并/补充规格说明。,cost_department,,
BIZ2T-0096,low,no,similar_active_items,96,"96,99",active,imported,不锈钢线条安装人工（含辅材）,展开50mm宽以下,m,10.7143,0,,"{""left"": {""category"": ""第四章、墙柱面工程"", ""client_auxiliary_material_price"": null, ""client_labor_price"": 12.5, ""client_main_material_price"": null, ""client_tax_excluded_price"": 14.0, ""crew_benchmark_price"": 12.0, ""id"": 96, ""item_name"": ""不锈钢线条安装人工（含辅材）"", ""notes"": ""编号: 4-29a\n工作内容: 定位、弹线、钉隔离层、清理基层、打胶、粘贴面层、清理净面等"", ""price"": 10.7143, ""source"": ""imported"", ""spec"": ""展开50mm宽以下"", ""status"": ""active"", ""subcategory"": """", ""subcontract_auxiliary_material_price"": 0.0, ""subcontract_composite_price"": 10.7143, ""subcontract_labor_price"": 10.7143, ""subcontract_main_material_price"": 0.0, ""unit"": ""m""}, ""right"": {""category"": ""第四章、墙柱面工程"", ""client_auxiliary_material_price"": null, ""client_labor_price"": 18.3333, ""client_main_material_price"": null, ""client_tax_excluded_price"": 20.0, ""crew_benchmark_price"": 23.0, ""id"": 99, ""item_name"": ""不锈钢线条安装人工（含辅材）"", ""notes"": ""编号: 4-29d\n工作内容: 定位、弹线、钉隔离层、清理基层、打胶、粘贴面层、清理净面等"", ""price"": 21.0833, ""source"": ""imported"", ""spec"": ""200mm宽~300mm宽以内（含300mm宽）"", ""status"": ""active"", ""subcategory"": """", ""subcontract_auxiliary_material_price"": 0.0, ""subcontract_composite_price"": 21.0833, ""subcontract_labor_price"": 21.0833, ""subcontract_main_material_price"": 0.0, ""unit"": ""m""}, ""similarity"": 1.0}",请人工确认是否为合理拆分，或后续需要合并/补充规格说明。,cost_department,,
BIZ2T-0097,low,no,similar_active_items,97,"97,98",active,imported,不锈钢线条安装人工（含辅材）,开50mm（含50mm宽）-150mm宽（含150mm宽）,m,13.2812,0,,"{""left"": {""category"": ""第四章、墙柱面工程"", ""client_auxiliary_material_price"": null, ""client_labor_price"": 14.1667, ""client_main_material_price"": null, ""client_tax_excluded_price"": 16.0, ""crew_benchmark_price"": 15.0, ""id"": 97, ""item_name"": ""不锈钢线条安装人工（含辅材）"", ""notes"": ""编号: 4-29b\n工作内容: 定位、弹线、钉隔离层、清理基层、打胶、粘贴面层、清理净面等"", ""price"": 13.2812, ""source"": ""imported"", ""spec"": ""开50mm（含50mm宽）-150mm宽（含150mm宽）"", ""status"": ""active"", ""subcategory"": """", ""subcontract_auxiliary_material_price"": 0.0, ""subcontract_composite_price"": 13.2812, ""subcontract_labor_price"": 13.2812, ""subcontract_main_material_price"": 0.0, ""unit"": ""m""}, ""right"": {""category"": ""第四章、墙柱面工程"", ""client_auxiliary_material_price"": null, ""client_labor_price"": 16.6667, ""client_main_material_price"": null, ""client_tax_excluded_price"": 18.0, ""crew_benchmark_price"": 20.0, ""id"": 98, ""item_name"": ""不锈钢线条安装人工（含辅材）"", ""notes"": ""编号: 4-29c\n工作内容: 定位、弹线、钉隔离层、清理基层、打胶、粘贴面层、清理净面等"", ""price"": 18.5185, ""source"": ""imported"", ""spec"": ""150-200mm宽以内（含200mm宽）"", ""status"": ""active"", ""subcategory"": """", ""subcontract_auxiliary_material_price"": 0.0, ""subcontract_composite_price"": 18.5185, ""subcontract_labor_price"": 18.5185, ""subcontract_main_material_price"": 0.0, ""unit"": ""m""}, ""similarity"": 1.0}",请人工确认是否为合理拆分，或后续需要合并/补充规格说明。,cost_department,,
BIZ2T-0098,low,no,similar_active_items,97,"97,99",active,imported,不锈钢线条安装人工（含辅材）,开50mm（含50mm宽）-150mm宽（含150mm宽）,m,13.2812,0,,"{""left"": {""category"": ""第四章、墙柱面工程"", ""client_auxiliary_material_price"": null, ""client_labor_price"": 14.1667, ""client_main_material_price"": null, ""client_tax_excluded_price"": 16.0, ""crew_benchmark_price"": 15.0, ""id"": 97, ""item_name"": ""不锈钢线条安装人工（含辅材）"", ""notes"": ""编号: 4-29b\n工作内容: 定位、弹线、钉隔离层、清理基层、打胶、粘贴面层、清理净面等"", ""price"": 13.2812, ""source"": ""imported"", ""spec"": ""开50mm（含50mm宽）-150mm宽（含150mm宽）"", ""status"": ""active"", ""subcategory"": """", ""subcontract_auxiliary_material_price"": 0.0, ""subcontract_composite_price"": 13.2812, ""subcontract_labor_price"": 13.2812, ""subcontract_main_material_price"": 0.0, ""unit"": ""m""}, ""right"": {""category"": ""第四章、墙柱面工程"", ""client_auxiliary_material_price"": null, ""client_labor_price"": 18.3333, ""client_main_material_price"": null, ""client_tax_excluded_price"": 20.0, ""crew_benchmark_price"": 23.0, ""id"": 99, ""item_name"": ""不锈钢线条安装人工（含辅材）"", ""notes"": ""编号: 4-29d\n工作内容: 定位、弹线、钉隔离层、清理基层、打胶、粘贴面层、清理净面等"", ""price"": 21.0833, ""source"": ""imported"", ""spec"": ""200mm宽~300mm宽以内（含300mm宽）"", ""status"": ""active"", ""subcategory"": """", ""subcontract_auxiliary_material_price"": 0.0, ""subcontract_composite_price"": 21.0833, ""subcontract_labor_price"": 21.0833, ""subcontract_main_material_price"": 0.0, ""unit"": ""m""}, ""similarity"": 1.0}",请人工确认是否为合理拆分，或后续需要合并/补充规格说明。,cost_department,,
BIZ2T-0099,low,no,similar_active_items,98,"98,99",active,imported,不锈钢线条安装人工（含辅材）,150-200mm宽以内（含200mm宽）,m,18.5185,0,,"{""left"": {""category"": ""第四章、墙柱面工程"", ""client_auxiliary_material_price"": null, ""client_labor_price"": 16.6667, ""client_main_material_price"": null, ""client_tax_excluded_price"": 18.0, ""crew_benchmark_price"": 20.0, ""id"": 98, ""item_name"": ""不锈钢线条安装人工（含辅材）"", ""notes"": ""编号: 4-29c\n工作内容: 定位、弹线、钉隔离层、清理基层、打胶、粘贴面层、清理净面等"", ""price"": 18.5185, ""source"": ""imported"", ""spec"": ""150-200mm宽以内（含200mm宽）"", ""status"": ""active"", ""subcategory"": """", ""subcontract_auxiliary_material_price"": 0.0, ""subcontract_composite_price"": 18.5185, ""subcontract_labor_price"": 18.5185, ""subcontract_main_material_price"": 0.0, ""unit"": ""m""}, ""right"": {""category"": ""第四章、墙柱面工程"", ""client_auxiliary_material_price"": null, ""client_labor_price"": 18.3333, ""client_main_material_price"": null, ""client_tax_excluded_price"": 20.0, ""crew_benchmark_price"": 23.0, ""id"": 99, ""item_name"": ""不锈钢线条安装人工（含辅材）"", ""notes"": ""编号: 4-29d\n工作内容: 定位、弹线、钉隔离层、清理基层、打胶、粘贴面层、清理净面等"", ""price"": 21.0833, ""source"": ""imported"", ""spec"": ""200mm宽~300mm宽以内（含300mm宽）"", ""status"": ""active"", ""subcategory"": """", ""subcontract_auxiliary_material_price"": 0.0, ""subcontract_composite_price"": 21.0833, ""subcontract_labor_price"": 21.0833, ""subcontract_main_material_price"": 0.0, ""unit"": ""m""}, ""similarity"": 1.0}",请人工确认是否为合理拆分，或后续需要合并/补充规格说明。,cost_department,,
BIZ2T-0100,low,no,similar_active_items,100,"100,101",active,imported,石材线条安装人工（含辅材）,80mm宽以下,m,14.8148,0,,"{""left"": {""category"": ""第四章、墙柱面工程"", ""client_auxiliary_material_price"": null, ""client_labor_price"": 16.6667, ""client_main_material_price"": null, ""client_tax_excluded_price"": 18.0, ""crew_benchmark_price"": 16.0, ""id"": 100, ""item_name"": ""石材线条安装人工（含辅材）"", ""notes"": ""编号: 4-30a\n计算规则: 按延长米计\n工作内容: 定位、清理基层、选截材料、拌制水泥膏、粘贴固定、清洁表面"", ""price"": 14.8148, ""source"": ""imported"", ""spec"": ""80mm宽以下"", ""status"": ""active"", ""subcategory"": """", ""subcontract_auxiliary_material_price"": 0.0, ""subcontract_composite_price"": 14.8148, ""subcontract_labor_price"": 14.8148, ""subcontract_main_material_price"": 0.0, ""unit"": ""m""}, ""right"": {""category"": ""第四章、墙柱面工程"", ""client_auxiliary_material_price"": null, ""client_labor_price"": 20.8333, ""client_main_material_price"": null, ""client_tax_excluded_price"": 23.0, ""crew_benchmark_price"": 20.0, ""id"": 101, ""item_name"": ""石材线条安装人工（含辅材）"", ""notes"": ""编号: 4-30b\n计算规则: 按延长米计\n工作内容: 定位、清理基层、选截材料、拌制水泥膏、粘贴固定、清洁表面"", ""price"": 18.1159, ""source"": ""imported"", ""spec"": ""80mm（含80mm宽）-150mm宽（含150mm宽）线条"", ""status"": ""active"", ""subcategory"": """", ""subcontract_auxiliary_material_price"": 0.0, ""subcontract_composite_price"": 18.1159, ""subcontract_labor_price"": 18.1159, ""subcontract_main_material_price"": 0.0, ""unit"": ""m""}, ""similarity"": 1.0}",请人工确认是否为合理拆分，或后续需要合并/补充规格说明。,cost_department,,
BIZ2T-0101,low,no,similar_active_items,102,"102,103",active,imported,墙身湿贴瓷砖（块料周长3200内）,"1、单块砖＜800×800mm
2、8mm水泥膏粘贴,不含水泥砂浆找平层。",㎡,53.3486,0,,"{""left"": {""category"": ""第四章、墙柱面工程"", ""client_auxiliary_material_price"": 10.0, ""client_labor_price"": 53.295, ""client_main_material_price"": null, ""client_tax_excluded_price"": 70.0, ""crew_benchmark_price"": 59.0, ""id"": 102, ""item_name"": ""墙身湿贴瓷砖（块料周长3200内）"", ""notes"": ""编号: 4-31\n计算规则: 按实做面层面积计算\n工作内容: 选料、切割瓷片、抹结合层砂浆、贴面砖、擦缝、清洁表面\n对甲备注: 如采用甲供粘结剂铺贴，辅料扣除水泥膏费用9元及相应取费\n劳务备注: （对乙）如采用甲供粘结剂铺贴，辅料扣除水泥膏费用6.27元及相应取费"", ""price"": 53.3486, ""source"": ""imported"", ""spec"": ""1、单块砖＜800×800mm\n2、8mm水泥膏粘贴,不含水泥砂浆找平层。"", ""status"": ""active"", ""subcategory"": """", ""subcontract_auxiliary_material_price"": 8.42857, ""subcontract_composite_price"": 53.3486, ""subcontract_labor_price"": 44.9201, ""subcontract_main_material_price"": 0.0, ""unit"": ""㎡""}, ""right"": {""category"": ""第四章、墙柱面工程"", ""client_auxiliary_material_price"": 10.0, ""client_labor_price"": 56.1, ""client_main_material_price"": null, ""client_tax_excluded_price"": 73.0, ""crew_benchmark_price"": 62.0, ""id"": 103, ""item_name"": ""墙身湿贴瓷砖（块料周长3200外）"", ""notes"": ""编号: 4-32\n计算规则: 按实做面层面积计算\n工作内容: 选料、切割瓷片、抹结合层砂浆、贴面砖、擦缝、清洁表面\n对甲备注: 如采用甲供粘结剂铺贴，辅料扣除水泥膏费用9元及相应取费\n劳务备注: （对乙）如采用甲供粘结剂铺贴，辅料扣除水泥膏费用6.27元及相应取费"", ""price"": 56.1397, ""source"": ""imported"", ""spec"": ""1、单块砖≥800×800mm  \n2、8mm水泥膏粘贴,不含水泥砂浆找平层。"", ""status"": ""active"", ""subcategory"": """", ""subcontract_auxiliary_material_price"": 8.49315, ""subcontract_composite_price"": 56.1397, ""subcontract_labor_price"": 47.6466, ""subcontract_main_material_price"": 0.0, ""unit"": ""㎡""}, ""similarity"": 0.9436}",请人工确认是否为合理拆分，或后续需要合并/补充规格说明。,cost_department,,
BIZ2T-0102,low,no,similar_active_items,107,"107,108",active,imported,墙面水泥砂浆湿贴石材,"1、规格板
2、10mm厚水泥膏粘贴，不含水泥砂浆找平层。",㎡,59.0333,0,,"{""left"": {""category"": ""第四章、墙柱面工程"", ""client_auxiliary_material_price"": 11.0, ""client_labor_price"": 59.84, ""client_main_material_price"": null, ""client_tax_excluded_price"": 78.0, ""crew_benchmark_price"": 65.0, ""id"": 107, ""item_name"": ""墙面水泥砂浆湿贴石材"", ""notes"": ""编号: 4-36\n计算规则: 按实做面层面积计算\n工作内容: 1、清理基层、刷水泥浆、抹结合层、刷粘结剂、镶贴块料、砂浆勾缝。\n2、磨光、擦缝、打蜡、养护。\n对甲备注: 如采用甲供粘结剂铺贴，辅料扣除水泥膏费用9元及相应取费\n劳务备注: （对乙）如采用甲供粘结剂铺贴，辅料扣除水泥膏费用6.48元及相应取费"", ""price"": 59.0333, ""source"": ""imported"", ""spec"": ""1、规格板\n2、10mm厚水泥膏粘贴，不含水泥砂浆找平层。"", ""status"": ""active"", ""subcategory"": """", ""subcontract_auxiliary_material_price"": 9.16667, ""subcontract_composite_price"": 59.0333, ""subcontract_labor_price"": 49.8667, ""subcontract_main_material_price"": 0.0, ""unit"": ""㎡""}, ""right"": {""category"": ""第四章、墙柱面工程"", ""client_auxiliary_material_price"": 17.0, ""client_labor_price"": 75.2488, ""client_main_material_price"": null, ""client_tax_excluded_price"": 101.0, ""crew_benchmark_price"": 85.0, ""id"": 108, ""item_name"": ""墙面水泥砂浆挂贴石材"", ""notes"": ""编号: 4-37\n计算规则: 按实做面层面积计算\n工作内容: 1、清理修补基层、刷浆2、选料、钻孔成槽、镶贴面层、穿丝固定。3、调制砂浆、灌砂浆、磨光、擦缝、打蜡、养护。"", ""price"": 77.6351, ""source"": ""imported"", ""spec"": ""1、规格板 \n2、灌浆20mm厚1：2.5水泥砂浆,不含水泥砂浆找平层。采用挂铜丝做法"", ""status"": ""active"", ""subcategory"": """", ""subcontract_auxiliary_material_price"": 14.3069, ""subcontract_composite_price"": 77.6351, ""subcontract_labor_price"": 63.3282, ""subcontract_main_material_price"": 0.0, ""unit"": ""㎡""}, ""similarity"": 0.9}",请人工确认是否为合理拆分，或后续需要合并/补充规格说明。,cost_department,,
BIZ2T-0103,low,no,similar_active_items,111,"111,112",active,imported,砌内墙灰砂砖,"1、120mm厚
2、M5.0水泥砂M5.0红砖/灰砂砖（",㎡,39.3788,0,,"{""left"": {""category"": ""第四章、墙柱面工程"", ""client_auxiliary_material_price"": 6.0, ""client_labor_price"": 32.0424, ""client_main_material_price"": 25.7657, ""client_tax_excluded_price"": 70.0, ""crew_benchmark_price"": 43.2, ""id"": 111, ""item_name"": ""砌内墙灰砂砖"", ""notes"": ""编号: 4-40\n计算规则: 按实做面层面积计算\n工作内容: 砖墙:运料、淋砖、调铺砂浆、砌砖、安放垫块、木砖、铁件等,砖旋、砖过梁、砖拱包括制作、安装及拆除模板"", ""price"": 39.3788, ""source"": ""imported"", ""spec"": ""1、120mm厚\n2、M5.0水泥砂M5.0红砖/灰砂砖（"", ""status"": ""active"", ""subcategory"": """", ""subcontract_auxiliary_material_price"": 3.70286, ""subcontract_composite_price"": 39.3788, ""subcontract_labor_price"": 19.7748, ""subcontract_main_material_price"": 15.9011, ""unit"": ""㎡""}, ""right"": {""category"": ""第四章、墙柱面工程"", ""client_auxiliary_material_price"": 10.0, ""client_labor_price"": 39.9245, ""client_main_material_price"": 34.1586, ""client_tax_excluded_price"": 92.0, ""crew_benchmark_price"": 64.8, ""id"": 112, ""item_name"": ""砌内墙灰砂砖"", ""notes"": ""编号: 4-41\n计算规则: 按实做面层面积计算\n工作内容: 砖墙:运料、淋砖、调铺砂浆、砌砖、安放垫块、木砖、铁件等,砖旋、砖过梁、砖拱包括制作、安装及拆除模板"", ""price"": 59.2237, ""source"": ""imported"", ""spec"": ""1、180mm厚\n2、M5.0水泥砂M5.0红砖/灰砂砖"", ""status"": ""active"", ""subcategory"": """", ""subcontract_auxiliary_material_price"": 7.04348, ""subcontract_composite_price"": 59.2237, ""subcontract_labor_price"": 28.1207, ""subcontract_main_material_price"": 24.0595, ""unit"": ""㎡""}, ""similarity"": 1.0}",请人工确认是否为合理拆分，或后续需要合并/补充规格说明。,cost_department,,
BIZ2T-0104,low,no,similar_active_items,116,"116,118",active,imported,地弹簧,BTS65（轻型）最大承重100KG,个,522.314,0,,"{""left"": {""category"": ""第五章、五金类安装工程"", ""client_auxiliary_material_price"": null, ""client_labor_price"": null, ""client_main_material_price"": 575.0, ""client_tax_excluded_price"": 633.0, ""crew_benchmark_price"": 575.0, ""id"": 116, ""item_name"": ""地弹簧"", ""notes"": ""编号: 5-1\n对甲备注: 多玛牌多玛牌及其他同等牌子（含安装费）"", ""price"": 522.314, ""source"": ""imported"", ""spec"": ""BTS65（轻型）最大承重100KG"", ""status"": ""active"", ""subcategory"": """", ""subcontract_auxiliary_material_price"": 0.0, ""subcontract_composite_price"": 522.314, ""subcontract_labor_price"": 0.0, ""subcontract_main_material_price"": 522.314, ""unit"": ""个""}, ""right"": {""category"": ""第五章、五金类安装工程"", ""client_auxiliary_material_price"": null, ""client_labor_price"": null, ""client_main_material_price"": 287.5, ""client_tax_excluded_price"": 316.0, ""crew_benchmark_price"": 288.0, ""id"": 118, ""item_name"": ""地弹簧"", ""notes"": ""编号: 5-3\n对甲备注: 皇鼎品牌（含安装费）"", ""price"": 262.025, ""source"": ""imported"", ""spec"": ""HD-302A（轻型）最大承重110KG"", ""status"": ""active"", ""subcategory"": """", ""subcontract_auxiliary_material_price"": 0.0, ""subcontract_composite_price"": 262.025, ""subcontract_labor_price"": 0.0, ""subcontract_main_material_price"": 262.025, ""unit"": ""个""}, ""similarity"": 1.0}",请人工确认是否为合理拆分，或后续需要合并/补充规格说明。,cost_department,,
BIZ2T-0105,low,no,similar_active_items,116,"116,119",active,imported,地弹簧,BTS65（轻型）最大承重100KG,个,522.314,0,,"{""left"": {""category"": ""第五章、五金类安装工程"", ""client_auxiliary_material_price"": null, ""client_labor_price"": null, ""client_main_material_price"": 575.0, ""client_tax_excluded_price"": 633.0, ""crew_benchmark_price"": 575.0, ""id"": 116, ""item_name"": ""地弹簧"", ""notes"": ""编号: 5-1\n对甲备注: 多玛牌多玛牌及其他同等牌子（含安装费）"", ""price"": 522.314, ""source"": ""imported"", ""spec"": ""BTS65（轻型）最大承重100KG"", ""status"": ""active"", ""subcategory"": """", ""subcontract_auxiliary_material_price"": 0.0, ""subcontract_composite_price"": 522.314, ""subcontract_labor_price"": 0.0, ""subcontract_main_material_price"": 522.314, ""unit"": ""个""}, ""right"": {""category"": ""第五章、五金类安装工程"", ""client_auxiliary_material_price"": null, ""client_labor_price"": null, ""client_main_material_price"": 1000.0, ""client_tax_excluded_price"": 1100.0, ""crew_benchmark_price"": 1000.0, ""id"": 119, ""item_name"": ""地弹簧"", ""notes"": ""编号: 5-4\n对甲备注: 皇鼎品牌（含安装费）"", ""price"": 909.091, ""source"": ""imported"", ""spec"": ""HD-305A（重型）最大承重300KG"", ""status"": ""active"", ""subcategory"": """", ""subcontract_auxiliary_material_price"": 0.0, ""subcontract_composite_price"": 909.091, ""subcontract_labor_price"": 0.0, ""subcontract_main_material_price"": 909.091, ""unit"": ""个""}, ""similarity"": 1.0}",请人工确认是否为合理拆分，或后续需要合并/补充规格说明。,cost_department,,
BIZ2T-0106,low,no,similar_active_items,118,"118,119",active,imported,地弹簧,HD-302A（轻型）最大承重110KG,个,262.025,0,,"{""left"": {""category"": ""第五章、五金类安装工程"", ""client_auxiliary_material_price"": null, ""client_labor_price"": null, ""client_main_material_price"": 287.5, ""client_tax_excluded_price"": 316.0, ""crew_benchmark_price"": 288.0, ""id"": 118, ""item_name"": ""地弹簧"", ""notes"": ""编号: 5-3\n对甲备注: 皇鼎品牌（含安装费）"", ""price"": 262.025, ""source"": ""imported"", ""spec"": ""HD-302A（轻型）最大承重110KG"", ""status"": ""active"", ""subcategory"": """", ""subcontract_auxiliary_material_price"": 0.0, ""subcontract_composite_price"": 262.025, ""subcontract_labor_price"": 0.0, ""subcontract_main_material_price"": 262.025, ""unit"": ""个""}, ""right"": {""category"": ""第五章、五金类安装工程"", ""client_auxiliary_material_price"": null, ""client_labor_price"": null, ""client_main_material_price"": 1000.0, ""client_tax_excluded_price"": 1100.0, ""crew_benchmark_price"": 1000.0, ""id"": 119, ""item_name"": ""地弹簧"", ""notes"": ""编号: 5-4\n对甲备注: 皇鼎品牌（含安装费）"", ""price"": 909.091, ""source"": ""imported"", ""spec"": ""HD-305A（重型）最大承重300KG"", ""status"": ""active"", ""subcategory"": """", ""subcontract_auxiliary_material_price"": 0.0, ""subcontract_composite_price"": 909.091, ""subcontract_labor_price"": 0.0, ""subcontract_main_material_price"": 909.091, ""unit"": ""个""}, ""similarity"": 1.0}",请人工确认是否为合理拆分，或后续需要合并/补充规格说明。,cost_department,,
BIZ2T-0107,low,no,similar_active_items,122,"122,123",active,imported,地锁（锁夹）12MM,us10,个,704.132,0,,"{""left"": {""category"": ""第五章、五金类安装工程"", ""client_auxiliary_material_price"": null, ""client_labor_price"": null, ""client_main_material_price"": 775.0, ""client_tax_excluded_price"": 853.0, ""crew_benchmark_price"": 775.0, ""id"": 122, ""item_name"": ""地锁（锁夹）12MM"", ""notes"": ""编号: 5-7\n对甲备注: 多玛牌多玛牌及其他同等牌子"", ""price"": 704.132, ""source"": ""imported"", ""spec"": ""us10"", ""status"": ""active"", ""subcategory"": """", ""subcontract_auxiliary_material_price"": 0.0, ""subcontract_composite_price"": 704.132, ""subcontract_labor_price"": 0.0, ""subcontract_main_material_price"": 704.132, ""unit"": ""个""}, ""right"": {""category"": ""第五章、五金类安装工程"", ""client_auxiliary_material_price"": null, ""client_labor_price"": null, ""client_main_material_price"": 875.0, ""client_tax_excluded_price"": 963.0, ""crew_benchmark_price"": 875.0, ""id"": 123, ""item_name"": ""地锁（锁夹）15MM"", ""notes"": ""编号: 5-8\n对甲备注: 多玛牌多玛牌及其他同等牌子"", ""price"": 795.042, ""source"": ""imported"", ""spec"": ""us10"", ""status"": ""active"", ""subcategory"": """", ""subcontract_auxiliary_material_price"": 0.0, ""subcontract_composite_price"": 795.042, ""subcontract_labor_price"": 0.0, ""subcontract_main_material_price"": 795.042, ""unit"": ""个""}, ""similarity"": 0.9}",请人工确认是否为合理拆分，或后续需要合并/补充规格说明。,cost_department,,
BIZ2T-0108,low,no,similar_active_items,122,"122,124",active,imported,地锁（锁夹）12MM,us10,个,704.132,0,,"{""left"": {""category"": ""第五章、五金类安装工程"", ""client_auxiliary_material_price"": null, ""client_labor_price"": null, ""client_main_material_price"": 775.0, ""client_tax_excluded_price"": 853.0, ""crew_benchmark_price"": 775.0, ""id"": 122, ""item_name"": ""地锁（锁夹）12MM"", ""notes"": ""编号: 5-7\n对甲备注: 多玛牌多玛牌及其他同等牌子"", ""price"": 704.132, ""source"": ""imported"", ""spec"": ""us10"", ""status"": ""active"", ""subcategory"": """", ""subcontract_auxiliary_material_price"": 0.0, ""subcontract_composite_price"": 704.132, ""subcontract_labor_price"": 0.0, ""subcontract_main_material_price"": 704.132, ""unit"": ""个""}, ""right"": {""category"": ""第五章、五金类安装工程"", ""client_auxiliary_material_price"": null, ""client_labor_price"": null, ""client_main_material_price"": 933.333, ""client_tax_excluded_price"": 1027.0, ""crew_benchmark_price"": 933.0, ""id"": 124, ""item_name"": ""地锁（锁夹）19MM"", ""notes"": ""编号: 5-9\n对甲备注: 多玛牌多玛牌及其他同等牌子"", ""price"": 847.906, ""source"": ""imported"", ""spec"": ""us10"", ""status"": ""active"", ""subcategory"": """", ""subcontract_auxiliary_material_price"": 0.0, ""subcontract_composite_price"": 847.906, ""subcontract_labor_price"": 0.0, ""subcontract_main_material_price"": 847.906, ""unit"": ""个""}, ""similarity"": 0.9}",请人工确认是否为合理拆分，或后续需要合并/补充规格说明。,cost_department,,
BIZ2T-0109,low,no,similar_active_items,123,"123,124",active,imported,地锁（锁夹）15MM,us10,个,795.042,0,,"{""left"": {""category"": ""第五章、五金类安装工程"", ""client_auxiliary_material_price"": null, ""client_labor_price"": null, ""client_main_material_price"": 875.0, ""client_tax_excluded_price"": 963.0, ""crew_benchmark_price"": 875.0, ""id"": 123, ""item_name"": ""地锁（锁夹）15MM"", ""notes"": ""编号: 5-8\n对甲备注: 多玛牌多玛牌及其他同等牌子"", ""price"": 795.042, ""source"": ""imported"", ""spec"": ""us10"", ""status"": ""active"", ""subcategory"": """", ""subcontract_auxiliary_material_price"": 0.0, ""subcontract_composite_price"": 795.042, ""subcontract_labor_price"": 0.0, ""subcontract_main_material_price"": 795.042, ""unit"": ""个""}, ""right"": {""category"": ""第五章、五金类安装工程"", ""client_auxiliary_material_price"": null, ""client_labor_price"": null, ""client_main_material_price"": 933.333, ""client_tax_excluded_price"": 1027.0, ""crew_benchmark_price"": 933.0, ""id"": 124, ""item_name"": ""地锁（锁夹）19MM"", ""notes"": ""编号: 5-9\n对甲备注: 多玛牌多玛牌及其他同等牌子"", ""price"": 847.906, ""source"": ""imported"", ""spec"": ""us10"", ""status"": ""active"", ""subcategory"": """", ""subcontract_auxiliary_material_price"": 0.0, ""subcontract_composite_price"": 847.906, ""subcontract_labor_price"": 0.0, ""subcontract_main_material_price"": 847.906, ""unit"": ""个""}, ""similarity"": 0.9}",请人工确认是否为合理拆分，或后续需要合并/补充规格说明。,cost_department,,
BIZ2T-0110,low,no,similar_active_items,128,"128,129",active,imported,304#不锈钢上下夹（短夹）,,个,75.1812,0,,"{""left"": {""category"": ""第五章、五金类安装工程"", ""client_auxiliary_material_price"": null, ""client_labor_price"": null, ""client_main_material_price"": 83.3333, ""client_tax_excluded_price"": 92.0, ""crew_benchmark_price"": 83.0, ""id"": 128, ""item_name"": ""304#不锈钢上下夹（短夹）"", ""notes"": ""编号: 5-13\n对甲备注: 规格、型号不同时单价另做调整"", ""price"": 75.1812, ""source"": ""imported"", ""spec"": """", ""status"": ""active"", ""subcategory"": """", ""subcontract_auxiliary_material_price"": 0.0, ""subcontract_composite_price"": 75.1812, ""subcontract_labor_price"": 0.0, ""subcontract_main_material_price"": 75.1812, ""unit"": ""个""}, ""right"": {""category"": ""第五章、五金类安装工程"", ""client_auxiliary_material_price"": null, ""client_labor_price"": null, ""client_main_material_price"": 105.417, ""client_tax_excluded_price"": 116.0, ""crew_benchmark_price"": 105.0, ""id"": 129, ""item_name"": ""304#不锈钢上下夹（短夹）"", ""notes"": ""编号: 5-14\n对甲备注: 海福乐品牌"", ""price"": 95.4203, ""source"": ""imported"", ""spec"": ""IR 02 932.72.024\nIR 02 932.72.034"", ""status"": ""active"", ""subcategory"": """", ""subcontract_auxiliary_material_price"": 0.0, ""subcontract_composite_price"": 95.4203, ""subcontract_labor_price"": 0.0, ""subcontract_main_material_price"": 95.4203, ""unit"": ""个""}, ""similarity"": 1.0}",请人工确认是否为合理拆分，或后续需要合并/补充规格说明。,cost_department,,
BIZ2T-0111,low,no,similar_active_items,128,"128,130",active,imported,304#不锈钢上下夹（短夹）,,个,75.1812,0,,"{""left"": {""category"": ""第五章、五金类安装工程"", ""client_auxiliary_material_price"": null, ""client_labor_price"": null, ""client_main_material_price"": 83.3333, ""client_tax_excluded_price"": 92.0, ""crew_benchmark_price"": 83.0, ""id"": 128, ""item_name"": ""304#不锈钢上下夹（短夹）"", ""notes"": ""编号: 5-13\n对甲备注: 规格、型号不同时单价另做调整"", ""price"": 75.1812, ""source"": ""imported"", ""spec"": """", ""status"": ""active"", ""subcategory"": """", ""subcontract_auxiliary_material_price"": 0.0, ""subcontract_composite_price"": 75.1812, ""subcontract_labor_price"": 0.0, ""subcontract_main_material_price"": 75.1812, ""unit"": ""个""}, ""right"": {""category"": ""第五章、五金类安装工程"", ""client_auxiliary_material_price"": null, ""client_labor_price"": null, ""client_main_material_price"": 62.2917, ""client_tax_excluded_price"": 69.0, ""crew_benchmark_price"": 62.0, ""id"": 130, ""item_name"": ""304#不锈钢上下夹（短夹）"", ""notes"": ""编号: 5-15\n对甲备注: 海福乐品牌"", ""price"": 55.9722, ""source"": ""imported"", ""spec"": ""HD-010-SS\nHD-020-SS"", ""status"": ""active"", ""subcategory"": """", ""subcontract_auxiliary_material_price"": 0.0, ""subcontract_composite_price"": 55.9722, ""subcontract_labor_price"": 0.0, ""subcontract_main_material_price"": 55.9722, ""unit"": ""个""}, ""similarity"": 1.0}",请人工确认是否为合理拆分，或后续需要合并/补充规格说明。,cost_department,,
BIZ2T-0112,low,no,similar_active_items,129,"129,130",active,imported,304#不锈钢上下夹（短夹）,"IR 02 932.72.024
IR 02 932.72.034",个,95.4203,0,,"{""left"": {""category"": ""第五章、五金类安装工程"", ""client_auxiliary_material_price"": null, ""client_labor_price"": null, ""client_main_material_price"": 105.417, ""client_tax_excluded_price"": 116.0, ""crew_benchmark_price"": 105.0, ""id"": 129, ""item_name"": ""304#不锈钢上下夹（短夹）"", ""notes"": ""编号: 5-14\n对甲备注: 海福乐品牌"", ""price"": 95.4203, ""source"": ""imported"", ""spec"": ""IR 02 932.72.024\nIR 02 932.72.034"", ""status"": ""active"", ""subcategory"": """", ""subcontract_auxiliary_material_price"": 0.0, ""subcontract_composite_price"": 95.4203, ""subcontract_labor_price"": 0.0, ""subcontract_main_material_price"": 95.4203, ""unit"": ""个""}, ""right"": {""category"": ""第五章、五金类安装工程"", ""client_auxiliary_material_price"": null, ""client_labor_price"": null, ""client_main_material_price"": 62.2917, ""client_tax_excluded_price"": 69.0, ""crew_benchmark_price"": 62.0, ""id"": 130, ""item_name"": ""304#不锈钢上下夹（短夹）"", ""notes"": ""编号: 5-15\n对甲备注: 海福乐品牌"", ""price"": 55.9722, ""source"": ""imported"", ""spec"": ""HD-010-SS\nHD-020-SS"", ""status"": ""active"", ""subcategory"": """", ""subcontract_auxiliary_material_price"": 0.0, ""subcontract_composite_price"": 55.9722, ""subcontract_labor_price"": 0.0, ""subcontract_main_material_price"": 55.9722, ""unit"": ""个""}, ""similarity"": 1.0}",请人工确认是否为合理拆分，或后续需要合并/补充规格说明。,cost_department,,
BIZ2T-0113,low,no,similar_active_items,131,"131,132",active,imported,304#不锈钢上下夹（长夹）-同门扇宽（800-900长）,,个,136.364,0,,"{""left"": {""category"": ""第五章、五金类安装工程"", ""client_auxiliary_material_price"": null, ""client_labor_price"": null, ""client_main_material_price"": 150.0, ""client_tax_excluded_price"": 165.0, ""crew_benchmark_price"": 150.0, ""id"": 131, ""item_name"": ""304#不锈钢上下夹（长夹）-同门扇宽（800-900长）"", ""notes"": ""编号: 5-16\n对甲备注: 规格、型号不同时单价另做调整"", ""price"": 136.364, ""source"": ""imported"", ""spec"": """", ""status"": ""active"", ""subcategory"": """", ""subcontract_auxiliary_material_price"": 0.0, ""subcontract_composite_price"": 136.364, ""subcontract_labor_price"": 0.0, ""subcontract_main_material_price"": 136.364, ""unit"": ""个""}, ""right"": {""category"": ""第五章、五金类安装工程"", ""client_auxiliary_material_price"": null, ""client_labor_price"": null, ""client_main_material_price"": 142.5, ""client_tax_excluded_price"": 157.0, ""crew_benchmark_price"": 142.0, ""id"": 132, ""item_name"": ""304#不锈钢上下夹（长夹）-同门扇宽（800-900长）"", ""notes"": ""编号: 5-17\n对甲备注: 海福乐品牌"", ""price"": 128.885, ""source"": ""imported"", ""spec"": ""IR 03 932.72.064"", ""status"": ""active"", ""subcategory"": """", ""subcontract_auxiliary_material_price"": 0.0, ""subcontract_composite_price"": 128.885, ""subcontract_labor_price"": 0.0, ""subcontract_main_material_price"": 128.885, ""unit"": ""个""}, ""similarity"": 1.0}",请人工确认是否为合理拆分，或后续需要合并/补充规格说明。,cost_department,,
BIZ2T-0114,low,no,similar_active_items,141,"141,142",active,imported,10#钢化玻璃，304#不锈钢联墙材、合页、墙夹、拉杆、不锈钢拉手,平开门,㎡,310.771,0,,"{""left"": {""category"": ""第五章、五金类安装工程"", ""client_auxiliary_material_price"": null, ""client_labor_price"": null, ""client_main_material_price"": 341.667, ""client_tax_excluded_price"": 376.0, ""crew_benchmark_price"": 342.0, ""id"": 141, ""item_name"": ""10#钢化玻璃，304#不锈钢联墙材、合页、墙夹、拉杆、不锈钢拉手"", ""notes"": ""编号: 5-27\n对甲备注: 各户型卫生间"", ""price"": 310.771, ""source"": ""imported"", ""spec"": ""平开门"", ""status"": ""active"", ""subcategory"": """", ""subcontract_auxiliary_material_price"": 0.0, ""subcontract_composite_price"": 310.771, ""subcontract_labor_price"": 0.0, ""subcontract_main_material_price"": 310.771, ""unit"": ""㎡""}, ""right"": {""category"": ""第五章、五金类安装工程"", ""client_auxiliary_material_price"": null, ""client_labor_price"": null, ""client_main_material_price"": 341.667, ""client_tax_excluded_price"": 376.0, ""crew_benchmark_price"": 342.0, ""id"": 142, ""item_name"": ""10mm钢化玻璃，304#不锈钢合页、墙夹，拉杆、不锈钢拉手"", ""notes"": ""编号: 5-28\n对甲备注: 各户型卫生间"", ""price"": 310.771, ""source"": ""imported"", ""spec"": ""平开门"", ""status"": ""active"", ""subcategory"": """", ""subcontract_auxiliary_material_price"": 0.0, ""subcontract_composite_price"": 310.771, ""subcontract_labor_price"": 0.0, ""subcontract_main_material_price"": 310.771, ""unit"": ""㎡""}, ""similarity"": 0.9111}",请人工确认是否为合理拆分，或后续需要合并/补充规格说明。,cost_department,,
BIZ2T-0115,low,no,similar_active_items,144,"144,145",active,imported,10#钢化玻璃，304#不锈钢合夹、墙夹，不锈钢拉手,插顶,㎡,256.998,0,,"{""left"": {""category"": ""第五章、五金类安装工程"", ""client_auxiliary_material_price"": null, ""client_labor_price"": null, ""client_main_material_price"": 283.333, ""client_tax_excluded_price"": 312.0, ""crew_benchmark_price"": 283.0, ""id"": 144, ""item_name"": ""10#钢化玻璃，304#不锈钢合夹、墙夹，不锈钢拉手"", ""notes"": ""编号: 5-30\n对甲备注: 各户型卫生间"", ""price"": 256.998, ""source"": ""imported"", ""spec"": ""插顶"", ""status"": ""active"", ""subcategory"": """", ""subcontract_auxiliary_material_price"": 0.0, ""subcontract_composite_price"": 256.998, ""subcontract_labor_price"": 0.0, ""subcontract_main_material_price"": 256.998, ""unit"": ""㎡""}, ""right"": {""category"": ""第五章、五金类安装工程"", ""client_auxiliary_material_price"": null, ""client_labor_price"": null, ""client_main_material_price"": 316.667, ""client_tax_excluded_price"": 348.0, ""crew_benchmark_price"": 317.0, ""id"": 145, ""item_name"": ""8#钢化玻璃，304#不锈钢合页、墙夹、不锈钢拉手"", ""notes"": ""编号: 5-31\n对甲备注: 用于保姆房卫生间"", ""price"": 288.458, ""source"": ""imported"", ""spec"": ""单门"", ""status"": ""active"", ""subcategory"": """", ""subcontract_auxiliary_material_price"": 0.0, ""subcontract_composite_price"": 288.458, ""subcontract_labor_price"": 0.0, ""subcontract_main_material_price"": 288.458, ""unit"": ""㎡""}, ""similarity"": 0.8889}",请人工确认是否为合理拆分，或后续需要合并/补充规格说明。,cost_department,,
BIZ2T-0116,low,no,similar_active_items,149,"149,150",active,imported,墙面、天花肌理漆,"1、刮甲供成品腻子两遍以上,干燥打磨
2、涂刷甲供封闭底漆
3、涂刷甲供肌理漆
4、采用专用工具批刮表面效果（仿布纹质感、浮雕喷点压花、浮雕喷圆点、玛雅效果质感、条形纹质感）",㎡,24.867,0,,"{""left"": {""category"": ""第六章、 油漆、涂料、裱糊工程"", ""client_auxiliary_material_price"": 3.0, ""client_labor_price"": 28.314, ""client_main_material_price"": null, ""client_tax_excluded_price"": 34.0, ""crew_benchmark_price"": 27.0, ""id"": 149, ""item_name"": ""墙面、天花肌理漆"", ""notes"": ""编号: 6-3\n计算规则: 按相应面层面积计算\n工作内容: 清理工作面、清扫、配浆、刮腻子、涂刷底油、磨砂纸、刷肌理漆、涂刷罩光漆、批刮表面效果等"", ""price"": 24.867, ""source"": ""imported"", ""spec"": ""1、刮甲供成品腻子两遍以上,干燥打磨\n2、涂刷甲供封闭底漆\n3、涂刷甲供肌理漆\n4、采用专用工具批刮表面效果（仿布纹质感、浮雕喷点压花、浮雕喷圆点、玛雅效果质感、条形纹质感）"", ""status"": ""active"", ""subcategory"": """", ""subcontract_auxiliary_material_price"": 2.38235, ""subcontract_composite_price"": 24.867, ""subcontract_labor_price"": 22.4846, ""subcontract_main_material_price"": 0.0, ""unit"": ""㎡""}, ""right"": {""category"": ""第六章、 油漆、涂料、裱糊工程"", ""client_auxiliary_material_price"": 3.0, ""client_labor_price"": 31.944, ""client_main_material_price"": null, ""client_tax_excluded_price"": 38.0, ""crew_benchmark_price"": 29.0, ""id"": 150, ""item_name"": ""墙面、天花肌理漆"", ""notes"": ""编号: 6-4\n工作内容: 清理工作面、清扫、配浆、刮腻子、涂刷底油、磨砂纸、刷肌理漆、涂刷罩光漆、批刮表面效果等"", ""price"": 26.6678, ""source"": ""imported"", ""spec"": ""1、刮甲供成品腻子两遍以上,干燥打磨\n2、涂刷甲供封闭底漆\n3、涂刷甲供肌理漆\n4、采用专用工具批刮表面效果（扇形纹质感、圆纹质感、树皮纹质感）"", ""status"": ""active"", ""subcategory"": """", ""subcontract_auxiliary_material_price"": 2.28947, ""subcontract_composite_price"": 26.6678, ""subcontract_labor_price"": 24.3783, ""subcontract_main_material_price"": 0.0, ""unit"": ""㎡""}, ""similarity"": 1.0}",请人工确认是否为合理拆分，或后续需要合并/补充规格说明。,cost_department,,
BIZ2T-0117,low,no,similar_active_items,157,"157,158",active,imported,50mm宽以内木线条油清漆（有造型的）,"1、清扫、磨砂纸、润油粉、刮腻子、刷底漆、面漆等
2、油漆为油性漆",m,7.00553,0,,"{""left"": {""category"": ""第六章、 油漆、涂料、裱糊工程"", ""client_auxiliary_material_price"": null, ""client_labor_price"": 6.897, ""client_main_material_price"": 3.6113, ""client_tax_excluded_price"": 12.0, ""crew_benchmark_price"": 8.0, ""id"": 157, ""item_name"": ""50mm宽以内木线条油清漆（有造型的）"", ""notes"": ""编号: 6-14\n计算规则: 按见光面，延长米计算\n工作内容: 清扫、磨砂纸、润油粉、刮腻子、刷底漆、面漆等"", ""price"": 7.00553, ""source"": ""imported"", ""spec"": ""1、清扫、磨砂纸、润油粉、刮腻子、刷底漆、面漆等\n2、油漆为油性漆"", ""status"": ""active"", ""subcategory"": """", ""subcontract_auxiliary_material_price"": 0.0, ""subcontract_composite_price"": 7.00553, ""subcontract_labor_price"": 4.598, ""subcontract_main_material_price"": 2.40753, ""unit"": ""m""}, ""right"": {""category"": ""第六章、 油漆、涂料、裱糊工程"", ""client_auxiliary_material_price"": null, ""client_labor_price"": 9.075, ""client_main_material_price"": 4.81557, ""client_tax_excluded_price"": 15.0, ""crew_benchmark_price"": 12.0, ""id"": 158, ""item_name"": ""50～100mm宽以内木线条油清漆（有造型的）"", ""notes"": ""编号: 6-15\n计算规则: 按见光面，延长米计算\n工作内容: 清扫、磨砂纸、润油粉、刮腻子、刷底漆、面漆等"", ""price"": 11.1125, ""source"": ""imported"", ""spec"": ""1、清扫、磨砂纸、润油粉、刮腻子、刷底漆、面漆等\n2、油漆为油性漆"", ""status"": ""active"", ""subcategory"": """", ""subcontract_auxiliary_material_price"": 0.0, ""subcontract_composite_price"": 11.1125, ""subcontract_labor_price"": 7.26, ""subcontract_main_material_price"": 3.85245, ""unit"": ""m""}, ""similarity"": 0.9158}",请人工确认是否为合理拆分，或后续需要合并/补充规格说明。,cost_department,,
BIZ2T-0118,low,no,similar_active_items,160,"160,161",active,imported,安装单掩门连门套（含门套基层）,1000mm宽×2100mm高,套,220.0,0,,"{""left"": {""category"": ""第八章、 木制成品门窗（套、扇）、扶手安装工程"", ""client_auxiliary_material_price"": null, ""client_labor_price"": null, ""client_main_material_price"": 274.693, ""client_tax_excluded_price"": 302.0, ""crew_benchmark_price"": null, ""id"": 160, ""item_name"": ""安装单掩门连门套（含门套基层）"", ""notes"": ""编号: 8-7\n工作内容: 主材另计,含运输及门锁五金安装及\n对甲备注: 成品安装"", ""price"": 220.0, ""source"": ""imported"", ""spec"": ""1000mm宽×2100mm高"", ""status"": ""active"", ""subcategory"": """", ""subcontract_auxiliary_material_price"": 40.0, ""subcontract_composite_price"": 220.0, ""subcontract_labor_price"": 180.0, ""subcontract_main_material_price"": 0.0, ""unit"": ""套""}, ""right"": {""category"": ""第八章、 木制成品门窗（套、扇）、扶手安装工程"", ""client_auxiliary_material_price"": null, ""client_labor_price"": null, ""client_main_material_price"": 310.214, ""client_tax_excluded_price"": 341.0, ""crew_benchmark_price"": null, ""id"": 161, ""item_name"": ""安装双掩门连门套（含门套基层）"", ""notes"": ""编号: 8-8\n工作内容: 主材另计,含运输及门锁五金安装及\n对甲备注: 成品安装"", ""price"": 255.0, ""source"": ""imported"", ""spec"": ""1400mm宽×2100mm高"", ""status"": ""active"", ""subcategory"": """", ""subcontract_auxiliary_material_price"": 55.0, ""subcontract_composite_price"": 255.0, ""subcontract_labor_price"": 200.0, ""subcontract_main_material_price"": 0.0, ""unit"": ""套""}, ""similarity"": 0.9251}",请人工确认是否为合理拆分，或后续需要合并/补充规格说明。,cost_department,,
BIZ2T-0119,low,no,similar_active_items,162,"162,163",active,imported,12mm钢化玻璃楼梯拦河(不含不锈钢立柱、爪件、扶手等）,900～1100mm高，临边 防护,m,262.0,0,,"{""left"": {""category"": ""第八章、 木制成品门窗（套、扇）、扶手安装工程"", ""client_auxiliary_material_price"": 15.0, ""client_labor_price"": 99.008, ""client_main_material_price"": 123.989, ""client_tax_excluded_price"": 262.0, ""crew_benchmark_price"": null, ""id"": 162, ""item_name"": ""12mm钢化玻璃楼梯拦河(不含不锈钢立柱、爪件、扶手等）"", ""notes"": ""编号: 8-14\n工作内容: 定位弹线、放样、下料、安装玻璃、嵌缝、清理等\n劳务备注: 对甲收入价格(不含不锈钢立柱、爪件、扶手等）"", ""price"": 262.0, ""source"": ""imported"", ""spec"": ""900～1100mm高，临边 防护"", ""status"": ""active"", ""subcategory"": """", ""subcontract_auxiliary_material_price"": null, ""subcontract_composite_price"": null, ""subcontract_labor_price"": null, ""subcontract_main_material_price"": null, ""unit"": ""m""}, ""right"": {""category"": ""第八章、 木制成品门窗（套、扇）、扶手安装工程"", ""client_auxiliary_material_price"": 15.0, ""client_labor_price"": 99.008, ""client_main_material_price"": 172.728, ""client_tax_excluded_price"": 315.0, ""crew_benchmark_price"": null, ""id"": 163, ""item_name"": ""15mm钢化玻璃楼梯拦河(不含不锈钢立柱、爪件、扶手等）"", ""notes"": ""编号: 8-15\n工作内容: 定位弹线、放样、下料、安装玻璃、嵌缝、清理等\n劳务备注: 对甲收入价格(不含不锈钢立柱、爪件、扶手等）"", ""price"": 315.0, ""source"": ""imported"", ""spec"": ""900～1100mm高，临边 防护"", ""status"": ""active"", ""subcategory"": """", ""subcontract_auxiliary_material_price"": null, ""subcontract_composite_price"": null, ""subcontract_labor_price"": null, ""subcontract_main_material_price"": null, ""unit"": ""m""}, ""similarity"": 0.9667}",请人工确认是否为合理拆分，或后续需要合并/补充规格说明。,cost_department,,
BIZ2T-0120,low,no,similar_active_items,162,"162,164",active,imported,12mm钢化玻璃楼梯拦河(不含不锈钢立柱、爪件、扶手等）,900～1100mm高，临边 防护,m,262.0,0,,"{""left"": {""category"": ""第八章、 木制成品门窗（套、扇）、扶手安装工程"", ""client_auxiliary_material_price"": 15.0, ""client_labor_price"": 99.008, ""client_main_material_price"": 123.989, ""client_tax_excluded_price"": 262.0, ""crew_benchmark_price"": null, ""id"": 162, ""item_name"": ""12mm钢化玻璃楼梯拦河(不含不锈钢立柱、爪件、扶手等）"", ""notes"": ""编号: 8-14\n工作内容: 定位弹线、放样、下料、安装玻璃、嵌缝、清理等\n劳务备注: 对甲收入价格(不含不锈钢立柱、爪件、扶手等）"", ""price"": 262.0, ""source"": ""imported"", ""spec"": ""900～1100mm高，临边 防护"", ""status"": ""active"", ""subcategory"": """", ""subcontract_auxiliary_material_price"": null, ""subcontract_composite_price"": null, ""subcontract_labor_price"": null, ""subcontract_main_material_price"": null, ""unit"": ""m""}, ""right"": {""category"": ""第八章、 木制成品门窗（套、扇）、扶手安装工程"", ""client_auxiliary_material_price"": 15.0, ""client_labor_price"": 99.2, ""client_main_material_price"": 286.45, ""client_tax_excluded_price"": 441.0, ""crew_benchmark_price"": null, ""id"": 164, ""item_name"": ""19mm钢化玻璃楼梯拦河(不含不锈钢立柱、爪件、扶手等）"", ""notes"": ""编号: 8-16\n工作内容: 定位弹线、放样、下料、安装玻璃、嵌缝、清理等\n劳务备注: 对甲收入价格(不含不锈钢立柱、爪件、扶手等）"", ""price"": 441.0, ""source"": ""imported"", ""spec"": ""900～1100mm高，临边 防护"", ""status"": ""active"", ""subcategory"": """", ""subcontract_auxiliary_material_price"": null, ""subcontract_composite_price"": null, ""subcontract_labor_price"": null, ""subcontract_main_material_price"": null, ""unit"": ""m""}, ""similarity"": 0.9667}",请人工确认是否为合理拆分，或后续需要合并/补充规格说明。,cost_department,,
BIZ2T-0121,low,no,similar_active_items,163,"163,164",active,imported,15mm钢化玻璃楼梯拦河(不含不锈钢立柱、爪件、扶手等）,900～1100mm高，临边 防护,m,315.0,0,,"{""left"": {""category"": ""第八章、 木制成品门窗（套、扇）、扶手安装工程"", ""client_auxiliary_material_price"": 15.0, ""client_labor_price"": 99.008, ""client_main_material_price"": 172.728, ""client_tax_excluded_price"": 315.0, ""crew_benchmark_price"": null, ""id"": 163, ""item_name"": ""15mm钢化玻璃楼梯拦河(不含不锈钢立柱、爪件、扶手等）"", ""notes"": ""编号: 8-15\n工作内容: 定位弹线、放样、下料、安装玻璃、嵌缝、清理等\n劳务备注: 对甲收入价格(不含不锈钢立柱、爪件、扶手等）"", ""price"": 315.0, ""source"": ""imported"", ""spec"": ""900～1100mm高，临边 防护"", ""status"": ""active"", ""subcategory"": """", ""subcontract_auxiliary_material_price"": null, ""subcontract_composite_price"": null, ""subcontract_labor_price"": null, ""subcontract_main_material_price"": null, ""unit"": ""m""}, ""right"": {""category"": ""第八章、 木制成品门窗（套、扇）、扶手安装工程"", ""client_auxiliary_material_price"": 15.0, ""client_labor_price"": 99.2, ""client_main_material_price"": 286.45, ""client_tax_excluded_price"": 441.0, ""crew_benchmark_price"": null, ""id"": 164, ""item_name"": ""19mm钢化玻璃楼梯拦河(不含不锈钢立柱、爪件、扶手等）"", ""notes"": ""编号: 8-16\n工作内容: 定位弹线、放样、下料、安装玻璃、嵌缝、清理等\n劳务备注: 对甲收入价格(不含不锈钢立柱、爪件、扶手等）"", ""price"": 441.0, ""source"": ""imported"", ""spec"": ""900～1100mm高，临边 防护"", ""status"": ""active"", ""subcategory"": """", ""subcontract_auxiliary_material_price"": null, ""subcontract_composite_price"": null, ""subcontract_labor_price"": null, ""subcontract_main_material_price"": null, ""unit"": ""m""}, ""similarity"": 0.9667}",请人工确认是否为合理拆分，或后续需要合并/补充规格说明。,cost_department,,
BIZ2T-0122,low,no,similar_active_items,167,"167,168",active,imported,双排钢管脚手架（零星工程价格）,①单栋门楼100m2以下：,㎡,18.0,0,,"{""left"": {""category"": ""第九章、脚手架类工程"", ""client_auxiliary_material_price"": null, ""client_labor_price"": null, ""client_main_material_price"": 20.8333, ""client_tax_excluded_price"": 23.0, ""crew_benchmark_price"": 18.0, ""id"": 167, ""item_name"": ""双排钢管脚手架（零星工程价格）"", ""notes"": ""编号: 9-3a"", ""price"": 18.0, ""source"": ""imported"", ""spec"": ""①单栋门楼100m2以下："", ""status"": ""active"", ""subcategory"": """", ""subcontract_auxiliary_material_price"": null, ""subcontract_composite_price"": null, ""subcontract_labor_price"": null, ""subcontract_main_material_price"": null, ""unit"": ""㎡""}, ""right"": {""category"": ""第九章、脚手架类工程"", ""client_auxiliary_material_price"": null, ""client_labor_price"": null, ""client_main_material_price"": 16.6667, ""client_tax_excluded_price"": 18.0, ""crew_benchmark_price"": 14.0, ""id"": 168, ""item_name"": ""双排钢管脚手架（零星工程价格）"", ""notes"": ""编号: 9-3b"", ""price"": 14.0, ""source"": ""imported"", ""spec"": ""②单栋门楼100m2以上"", ""status"": ""active"", ""subcategory"": """", ""subcontract_auxiliary_material_price"": null, ""subcontract_composite_price"": null, ""subcontract_labor_price"": null, ""subcontract_main_material_price"": null, ""unit"": ""㎡""}, ""similarity"": 1.0}",请人工确认是否为合理拆分，或后续需要合并/补充规格说明。,cost_department,,
BIZ2T-0125,low,no,similar_active_items,189,"189,190",active,imported,"拆除原有冷水龙头,清理",,套,1.0,0,,"{""left"": {""category"": ""第十二章、独立措施及配管费项目"", ""client_auxiliary_material_price"": null, ""client_labor_price"": 1.16667, ""client_main_material_price"": null, ""client_tax_excluded_price"": 1.0, ""crew_benchmark_price"": null, ""id"": 189, ""item_name"": ""拆除原有冷水龙头,清理"", ""notes"": ""编号: 12-20\n工作内容: 拆除冷水龙头、清理基层、废料堆放"", ""price"": 1.0, ""source"": ""imported"", ""spec"": """", ""status"": ""active"", ""subcategory"": """", ""subcontract_auxiliary_material_price"": null, ""subcontract_composite_price"": null, ""subcontract_labor_price"": null, ""subcontract_main_material_price"": null, ""unit"": ""套""}, ""right"": {""category"": ""第十二章、独立措施及配管费项目"", ""client_auxiliary_material_price"": null, ""client_labor_price"": 2.5, ""client_main_material_price"": null, ""client_tax_excluded_price"": 3.0, ""crew_benchmark_price"": null, ""id"": 190, ""item_name"": ""拆除原有冷热水龙头,清理"", ""notes"": ""编号: 12-21\n工作内容: 拆除冷热水龙头、清理基层、废料堆放"", ""price"": 3.0, ""source"": ""imported"", ""spec"": """", ""status"": ""active"", ""subcategory"": """", ""subcontract_auxiliary_material_price"": null, ""subcontract_composite_price"": null, ""subcontract_labor_price"": null, ""subcontract_main_material_price"": null, ""unit"": ""套""}, ""similarity"": 0.9524}",请人工确认是否为合理拆分，或后续需要合并/补充规格说明。,cost_department,,
